-- MySQL dump 10.13  Distrib 5.7.17, for Linux (x86_64)
--
-- Host: localhost    Database: db_paymentshub_tk
-- ------------------------------------------------------
-- Server version	5.7.17-0ubuntu0.16.04.1

/*!40101 SET @OLD_CHARACTER_SET_CLIENT=@@CHARACTER_SET_CLIENT */;
/*!40101 SET @OLD_CHARACTER_SET_RESULTS=@@CHARACTER_SET_RESULTS */;
/*!40101 SET @OLD_COLLATION_CONNECTION=@@COLLATION_CONNECTION */;
/*!40101 SET NAMES utf8 */;
/*!40103 SET @OLD_TIME_ZONE=@@TIME_ZONE */;
/*!40103 SET TIME_ZONE='+00:00' */;
/*!40014 SET @OLD_UNIQUE_CHECKS=@@UNIQUE_CHECKS, UNIQUE_CHECKS=0 */;
/*!40014 SET @OLD_FOREIGN_KEY_CHECKS=@@FOREIGN_KEY_CHECKS, FOREIGN_KEY_CHECKS=0 */;
/*!40101 SET @OLD_SQL_MODE=@@SQL_MODE, SQL_MODE='NO_AUTO_VALUE_ON_ZERO' */;
/*!40111 SET @OLD_SQL_NOTES=@@SQL_NOTES, SQL_NOTES=0 */;

--
-- Table structure for table `account_balance`
--

DROP TABLE IF EXISTS `account_balance`;
/*!40101 SET @saved_cs_client     = @@character_set_client */;
/*!40101 SET character_set_client = utf8 */;
CREATE TABLE `account_balance` (
  `id` int(11) NOT NULL AUTO_INCREMENT,
  `user_id` int(11) NOT NULL,
  `account_id` int(11) DEFAULT NULL,
  `card_id` int(11) DEFAULT NULL,
  `balance` int(20) NOT NULL,
  `created_at` timestamp NULL DEFAULT NULL,
  `updated_at` timestamp NOT NULL DEFAULT CURRENT_TIMESTAMP,
  PRIMARY KEY (`id`),
  KEY `account_balance_ibfk_1` (`user_id`),
  KEY `account_id` (`account_id`),
  CONSTRAINT `account_balance_ibfk_1` FOREIGN KEY (`user_id`) REFERENCES `users` (`id`) ON DELETE CASCADE
) ENGINE=InnoDB DEFAULT CHARSET=latin1;
/*!40101 SET character_set_client = @saved_cs_client */;

--
-- Dumping data for table `account_balance`
--

LOCK TABLES `account_balance` WRITE;
/*!40000 ALTER TABLE `account_balance` DISABLE KEYS */;
/*!40000 ALTER TABLE `account_balance` ENABLE KEYS */;
UNLOCK TABLES;

--
-- Table structure for table `account_verification_details`
--

DROP TABLE IF EXISTS `account_verification_details`;
/*!40101 SET @saved_cs_client     = @@character_set_client */;
/*!40101 SET character_set_client = utf8 */;
CREATE TABLE `account_verification_details` (
  `id` int(10) unsigned NOT NULL AUTO_INCREMENT,
  `account_id` int(11) NOT NULL,
  `account_user_id` varchar(150) COLLATE utf8_unicode_ci NOT NULL,
  `account_password` varchar(250) COLLATE utf8_unicode_ci NOT NULL,
  `created_at` timestamp NULL DEFAULT NULL,
  `updated_at` timestamp NULL DEFAULT NULL,
  PRIMARY KEY (`id`),
  KEY `account_verification_details_account_id_foreign` (`account_id`),
  CONSTRAINT `account_verification_details_account_id_foreign` FOREIGN KEY (`account_id`) REFERENCES `accounts` (`id`) ON DELETE CASCADE
) ENGINE=InnoDB AUTO_INCREMENT=49 DEFAULT CHARSET=utf8 COLLATE=utf8_unicode_ci;
/*!40101 SET character_set_client = @saved_cs_client */;

--
-- Dumping data for table `account_verification_details`
--

LOCK TABLES `account_verification_details` WRITE;
/*!40000 ALTER TABLE `account_verification_details` DISABLE KEYS */;
INSERT INTO `account_verification_details` VALUES (1,14,'naman@it7solutions.com','Z2135235GHY26HGG34LN','2016-09-09 17:09:07','2016-09-09 17:09:07'),(2,15,'naman@it7solutions.com','Z2135235GHY26HGG34LN','2016-09-09 17:09:57','2016-09-09 17:09:57'),(3,17,'naman@it7solutions.com','Z2135235GHY26HGG34LN','2016-09-09 17:44:49','2016-09-09 17:44:49'),(4,18,'naman@it7solutions.com','Z2135235GHY26HGG34LN','2016-09-09 18:06:39','2016-09-09 18:06:39'),(5,20,'abcd','12345','2016-09-09 18:20:20','2016-09-09 18:20:20'),(6,21,'1234','1234','2016-09-09 18:42:58','2016-09-09 18:42:58'),(7,22,'testsjs1@yopmail.com','2540@sjs','2016-09-09 18:59:46','2016-09-09 18:59:46'),(8,24,'UQIENUKHNEUP','UQKHUQKNAT','2016-09-10 06:48:01','2016-09-10 06:48:01'),(9,25,'VKBENUQHMKAD','tgjamdaptma','2016-09-10 06:58:12','2016-09-10 06:58:12'),(10,27,'PJAMDGATMA','tgjamdagjtmatpg268963','2016-09-10 09:06:18','2016-09-10 09:06:18'),(11,28,'Majgptjamaptwmaj','tgjam358pgja','2016-09-10 09:08:13','2016-09-10 09:08:13'),(12,32,'UQHEOXNBHQNEW','Thbenxnbhqune','2016-09-13 05:44:27','2016-09-13 05:44:27'),(13,33,'WGPJMATMTWPGAMDT','tpgamatpgjmatpgamwt','2016-09-13 09:50:07','2016-09-13 09:50:07'),(14,37,'tgmaptwmajpt','pgamdatmwtpg','2016-09-15 19:24:11','2016-09-15 19:24:11'),(15,43,'wjagp8436','tpgjamd8746','2016-09-16 10:11:08','2016-09-16 10:11:08'),(16,48,'pgam','pgjtmaptdm','2016-09-16 10:40:35','2016-09-16 10:40:35'),(17,38,'pgam','tgp','2016-09-16 10:41:50','2016-09-16 10:41:50'),(18,39,'pgmda','pgtmat','2016-09-16 10:42:11','2016-09-16 10:42:11'),(19,49,'tgpadmtwma','pgamatjg','2016-09-16 10:43:29','2016-09-16 10:43:29'),(20,50,'tpgjadmwm','ptgjamd','2016-09-16 10:44:57','2016-09-16 10:44:57'),(21,51,'tgpjadmwtpgadmt','tgjamdwtpgam','2016-09-16 10:46:12','2016-09-16 10:46:12'),(22,52,'tgadmwt','pgjam','2016-09-16 11:12:39','2016-09-16 11:12:39'),(23,53,'pgjt','admwm','2016-09-16 11:13:53','2016-09-16 11:13:53'),(24,54,'ja','ma','2016-09-16 11:15:06','2016-09-16 11:15:06'),(25,55,'tgjad','ptmagtjm','2016-09-16 11:17:46','2016-09-16 11:17:46'),(26,56,'tgj','pgmd','2016-09-16 11:57:54','2016-09-16 11:57:54'),(27,57,'ajpw','ptgam','2016-09-16 11:59:24','2016-09-16 11:59:24'),(28,58,'tgja','tgam','2016-09-16 12:00:31','2016-09-16 12:00:31'),(29,59,'tgmad','tgam','2016-09-16 12:01:58','2016-09-16 12:01:58'),(30,60,'tgjamd','ptgjamd','2016-09-16 12:03:44','2016-09-16 12:03:44'),(31,63,'tg','ma','2016-09-16 12:19:36','2016-09-16 12:19:36'),(32,64,'tgamd','pgtjm','2016-09-16 12:20:52','2016-09-16 12:20:52'),(33,65,'pgjm','datpgmd','2016-09-16 12:22:05','2016-09-16 12:22:05'),(34,66,'tga','gtj','2016-09-16 12:23:40','2016-09-16 12:23:40'),(35,70,'tpgjadmt','tgjadmwtp','2016-09-16 12:52:49','2016-09-16 12:52:49'),(36,3,'agtjmap','gtjamd','2016-09-21 10:32:31','2016-09-21 10:32:31'),(37,75,'pgjmatm','pgtmagptmj','2016-09-30 09:25:18','2016-09-30 09:25:18'),(38,76,'wmjgptjamd','pgtjmdapgt','2016-09-30 09:28:16','2016-09-30 09:28:16'),(39,77,'tgmad','ptgjma','2016-09-30 09:31:14','2016-09-30 09:31:14'),(40,79,'tgmdapmwjamd','wmjaptwdagp','2016-09-30 09:34:41','2016-09-30 09:34:41'),(41,4,'ntqhebt','UQkphbe','2016-10-28 11:21:23','2016-10-28 11:21:23'),(42,104,'mgptjadmg','magptjmap','2016-10-28 11:23:34','2016-10-28 11:23:34'),(43,107,'Mdagtjamtwp','wagptdmwt','2016-11-09 14:46:42','2016-11-09 14:46:42'),(45,128,'dash.empower@gmail.com','empower123','2016-12-22 12:00:46','2016-12-22 12:00:46'),(46,131,'empowersolutions.qa@gmail.com','empower123','2016-12-27 09:48:49','2016-12-27 09:48:49'),(47,161,'dash.empower@gmail.com','empower123','2017-01-02 07:44:38','2017-01-02 07:44:38'),(48,166,'dash.empower@gmail.com','empower123','2017-01-04 06:18:29','2017-01-04 06:18:29');
/*!40000 ALTER TABLE `account_verification_details` ENABLE KEYS */;
UNLOCK TABLES;

--
-- Table structure for table `accounts`
--

DROP TABLE IF EXISTS `accounts`;
/*!40101 SET @saved_cs_client     = @@character_set_client */;
/*!40101 SET character_set_client = utf8 */;
CREATE TABLE `accounts` (
  `id` int(11) NOT NULL AUTO_INCREMENT,
  `user_id` int(11) unsigned NOT NULL,
  `account_name` varchar(150) COLLATE utf8_unicode_ci DEFAULT NULL,
  `bank_name` varchar(150) COLLATE utf8_unicode_ci DEFAULT NULL,
  `country` varchar(150) COLLATE utf8_unicode_ci DEFAULT NULL,
  `account_number` varchar(20) COLLATE utf8_unicode_ci DEFAULT NULL,
  `iban` varchar(34) COLLATE utf8_unicode_ci DEFAULT NULL,
  `account_type` varchar(100) COLLATE utf8_unicode_ci DEFAULT NULL,
  `swift_code` varchar(20) COLLATE utf8_unicode_ci DEFAULT NULL,
  `branch_address` text COLLATE utf8_unicode_ci,
  `sort_code` varchar(6) COLLATE utf8_unicode_ci DEFAULT NULL COMMENT 'UK Specific',
  `routing_number` varchar(9) COLLATE utf8_unicode_ci DEFAULT NULL COMMENT 'US Specific',
  `ifsc_code` varchar(11) COLLATE utf8_unicode_ci DEFAULT NULL COMMENT 'India Specific',
  `transit_number` varchar(5) COLLATE utf8_unicode_ci DEFAULT NULL COMMENT 'Canada Specific',
  `institution_number` varchar(3) COLLATE utf8_unicode_ci DEFAULT NULL COMMENT 'Canada Specific',
  `bsb` varchar(6) COLLATE utf8_unicode_ci DEFAULT NULL COMMENT 'Australia & New Zealand Specific',
  `bank_code` varchar(4) COLLATE utf8_unicode_ci DEFAULT NULL COMMENT 'Japan Specific',
  `branch_code` varchar(3) COLLATE utf8_unicode_ci DEFAULT NULL COMMENT 'Japan Specific',
  `meps` varchar(8) COLLATE utf8_unicode_ci DEFAULT NULL COMMENT 'Malaysia Specific',
  `clabe` varchar(18) COLLATE utf8_unicode_ci DEFAULT NULL COMMENT 'Mexico Specific',
  `brstn_code` varchar(9) COLLATE utf8_unicode_ci DEFAULT NULL COMMENT 'Philippines Specific',
  `is_primary` varchar(10) COLLATE utf8_unicode_ci NOT NULL DEFAULT 'No',
  `is_removed` tinyint(1) NOT NULL,
  `create_date` timestamp NOT NULL DEFAULT CURRENT_TIMESTAMP,
  PRIMARY KEY (`id`)
) ENGINE=InnoDB AUTO_INCREMENT=176 DEFAULT CHARSET=utf8 COLLATE=utf8_unicode_ci;
/*!40101 SET character_set_client = @saved_cs_client */;

--
-- Dumping data for table `accounts`
--

LOCK TABLES `accounts` WRITE;
/*!40000 ALTER TABLE `accounts` DISABLE KEYS */;
INSERT INTO `accounts` VALUES (3,15,'Thomas M.','Bank of America','United States','980412649573196',NULL,'Checking',NULL,'',NULL,'842369743',NULL,NULL,NULL,NULL,NULL,NULL,NULL,NULL,NULL,'No',0,'2016-11-10 00:48:43'),(4,15,'Thomas M.','JP Morgan Chase','United States','964235743672413',NULL,'Checking',NULL,'',NULL,'813256721',NULL,NULL,NULL,NULL,NULL,NULL,NULL,NULL,NULL,'Yes',0,'2016-11-10 00:48:43'),(5,10,'Thomas M.','Bank of America','United States','2843654178936',NULL,'Checking',NULL,'',NULL,'842369176',NULL,NULL,NULL,NULL,NULL,NULL,NULL,NULL,NULL,'No',0,'2016-11-10 00:48:43'),(6,23,'Thomas M.','Bhutan Bank','Bhutan','7423698413',NULL,NULL,'UHENQHBN','43 Koshidrokalov',NULL,NULL,NULL,NULL,NULL,NULL,NULL,NULL,NULL,NULL,NULL,'Yes',0,'2016-11-10 00:48:43'),(7,6,'Naman Inc.','HDFC','India','500100600100',NULL,NULL,NULL,NULL,NULL,NULL,'IFSC0000231',NULL,NULL,NULL,NULL,NULL,NULL,NULL,NULL,'No',0,'2016-11-10 00:48:43'),(8,6,'Naman Inc.','State Bank of India','India','100200300400500',NULL,NULL,NULL,NULL,NULL,NULL,'SBI00001234',NULL,NULL,NULL,NULL,NULL,NULL,NULL,NULL,'No',0,'2016-11-10 00:48:43'),(9,32,'Thomas company','Bank of Germany','Germany',NULL,'UHENUQKBENXUHQBENXUQ',NULL,NULL,NULL,NULL,NULL,NULL,NULL,NULL,NULL,NULL,NULL,NULL,NULL,NULL,'No',0,'2016-11-10 00:48:43'),(10,32,'Thomas company','Germany Commercial Bank','Germany',NULL,'HBENJAKTPIENTAGPMBGV',NULL,NULL,NULL,NULL,NULL,NULL,NULL,NULL,NULL,NULL,NULL,NULL,NULL,NULL,'No',0,'2016-11-10 00:48:43'),(11,32,'Thomas company','German national bank','Germany',NULL,'TGBNKHQUENUGADJQNEXU',NULL,NULL,NULL,NULL,NULL,NULL,NULL,NULL,NULL,NULL,NULL,NULL,NULL,NULL,'No',0,'2016-11-10 00:48:43'),(12,32,'Thomas company','Production bank','Germany',NULL,'MAGJMDTPGJADMWTPGJAD',NULL,NULL,NULL,NULL,NULL,NULL,NULL,NULL,NULL,NULL,NULL,NULL,NULL,NULL,'No',0,'2016-11-10 00:48:43'),(13,6,'Naman Inc.','kotak mahindr','India','1234567',NULL,NULL,NULL,NULL,NULL,NULL,'12345678912',NULL,NULL,NULL,NULL,NULL,NULL,NULL,NULL,'No',0,'2016-11-10 00:48:43'),(14,6,'Naman Inc.','test','United States','12345',NULL,'Checking',NULL,NULL,NULL,'123456789',NULL,NULL,NULL,NULL,NULL,NULL,NULL,NULL,NULL,'Yes',0,'2016-11-10 00:48:43'),(15,6,'Naman Inc.','test2nd','United States','123456789',NULL,'Checking',NULL,NULL,NULL,'123456789',NULL,NULL,NULL,NULL,NULL,NULL,NULL,NULL,NULL,'No',0,'2016-11-10 00:48:43'),(16,6,'Naman Inc.','test 1111','United States','12345678912',NULL,'Checking',NULL,NULL,NULL,'123456789',NULL,NULL,NULL,NULL,NULL,NULL,NULL,NULL,NULL,'No',0,'2016-11-10 00:48:43'),(17,52,'yopmail','test123458','United States','123456789',NULL,'Checking',NULL,NULL,NULL,'789456123',NULL,NULL,NULL,NULL,NULL,NULL,NULL,NULL,NULL,'Yes',0,'2016-11-10 00:48:43'),(18,52,'yopmail','rest','United States','1234',NULL,'Checking',NULL,NULL,NULL,'753126456',NULL,NULL,NULL,NULL,NULL,NULL,NULL,NULL,NULL,'No',0,'2016-11-10 00:48:43'),(19,52,'yopmail','test2345','United States','1234',NULL,'Checking',NULL,NULL,NULL,'752638152',NULL,NULL,NULL,NULL,NULL,NULL,NULL,NULL,NULL,'No',0,'2016-11-10 00:48:43'),(20,53,'business dalip','testsjs1','United States','1234',NULL,'Checking',NULL,NULL,NULL,'456789456',NULL,NULL,NULL,NULL,NULL,NULL,NULL,NULL,NULL,'Yes',0,'2016-11-10 00:48:43'),(21,54,'test11 test','test sjs2','United States','1234',NULL,'Checking',NULL,NULL,NULL,'456125452',NULL,NULL,NULL,NULL,NULL,NULL,NULL,NULL,NULL,'No',0,'2016-11-10 00:48:43'),(22,54,'Naman test','Bank of America','United States','12345',NULL,'Checking',NULL,NULL,NULL,'234221243',NULL,NULL,NULL,NULL,NULL,NULL,NULL,NULL,NULL,'Yes',0,'2016-11-10 00:48:43'),(23,55,'The Business Times','UK Bank','United Kingdom','26485396',NULL,NULL,NULL,NULL,'648279',NULL,NULL,NULL,NULL,NULL,NULL,NULL,NULL,NULL,NULL,'Yes',0,'2016-11-10 00:48:43'),(24,55,'Thomas Campbell','Medical Bank','United States','4562879634',NULL,'Checking',NULL,NULL,NULL,'627852369',NULL,NULL,NULL,NULL,NULL,NULL,NULL,NULL,NULL,'No',0,'2016-11-10 00:48:43'),(25,55,'Thomas Campbell','Harvard bank','United States','451236987456982',NULL,'Checking',NULL,NULL,NULL,'987426387',NULL,NULL,NULL,NULL,NULL,NULL,NULL,NULL,NULL,'No',0,'2016-11-10 00:48:43'),(26,6,'Manan Attri','Testing','India','6852696',NULL,NULL,NULL,NULL,NULL,NULL,'TGJAMAPJTGM',NULL,NULL,NULL,NULL,NULL,NULL,NULL,NULL,'No',0,'2016-11-10 00:48:43'),(27,56,'Thomas Campbell','CITIBANK','United States','263562478263146',NULL,'Checking',NULL,NULL,NULL,'842153641',NULL,NULL,NULL,NULL,NULL,NULL,NULL,NULL,NULL,'No',0,'2016-11-10 00:48:43'),(28,56,'Thomas Campbell','Bank of America','United States','876235698625684',NULL,'Checking',NULL,NULL,NULL,'876542369',NULL,NULL,NULL,NULL,NULL,NULL,NULL,NULL,NULL,'No',0,'2016-11-10 00:48:43'),(29,35,'test singh','test','India','123456',NULL,NULL,NULL,NULL,NULL,NULL,'78451236912',NULL,NULL,NULL,NULL,NULL,NULL,NULL,NULL,'No',0,'2016-11-10 00:48:43'),(30,55,'Thomas m. Campbell','Commercial bank','United States','78541236968',NULL,'Checking',NULL,NULL,NULL,'987246396',NULL,NULL,NULL,NULL,NULL,NULL,NULL,NULL,NULL,'No',0,'2016-11-10 00:48:43'),(31,55,'The Business Times','Trading bank','United States','172639547869324',NULL,'Checking',NULL,NULL,NULL,'842369748',NULL,NULL,NULL,NULL,NULL,NULL,NULL,NULL,NULL,'No',0,'2016-11-10 00:48:43'),(32,58,'Hans Company','Citibank','United States','836247694823647',NULL,'Checking',NULL,NULL,NULL,'645239678',NULL,NULL,NULL,NULL,NULL,NULL,NULL,NULL,NULL,'No',0,'2016-11-10 00:48:43'),(33,62,'Hans company','JP Morgane','United States','6547862896428',NULL,'Checking',NULL,NULL,NULL,'792346981',NULL,NULL,NULL,NULL,NULL,NULL,NULL,NULL,NULL,'Yes',0,'2016-11-10 00:48:43'),(34,62,'Hans company','Torleeds','United States','8746296',NULL,'Checking',NULL,NULL,NULL,'987468962',NULL,NULL,NULL,NULL,NULL,NULL,NULL,NULL,NULL,'No',0,'2016-11-10 00:48:43'),(35,6,'Naman Inc.','State Bank of India','India','123456',NULL,NULL,NULL,NULL,NULL,NULL,'12345678901',NULL,NULL,NULL,NULL,NULL,NULL,NULL,NULL,'No',0,'2016-11-10 00:48:43'),(36,70,'Thomas Corporation','Mexico Bank','Mexico',NULL,NULL,NULL,NULL,NULL,NULL,NULL,NULL,NULL,NULL,NULL,NULL,NULL,NULL,'786234569746932694',NULL,'No',0,'2016-11-10 00:48:43'),(37,56,'Sir Campbell','Citi','United States','6982369',NULL,'Checking',NULL,NULL,NULL,'687268542',NULL,NULL,NULL,NULL,NULL,NULL,NULL,NULL,NULL,'Yes',0,'2016-11-10 00:48:43'),(38,73,'Sir Gutmann','Citi','United States','62786398',NULL,'Checking',NULL,NULL,NULL,'687398426',NULL,NULL,NULL,NULL,NULL,NULL,NULL,NULL,NULL,'No',0,'2016-11-10 00:48:43'),(39,73,'Sir Gutmann','Citi','United States','542',NULL,'Checking',NULL,NULL,NULL,'963874693',NULL,NULL,NULL,NULL,NULL,NULL,NULL,NULL,NULL,'No',0,'2016-11-10 00:48:43'),(40,70,'Thomas Corporation','Mexican Bank','Mexico',NULL,NULL,NULL,NULL,NULL,NULL,NULL,NULL,NULL,NULL,NULL,NULL,NULL,NULL,'123456789012345678',NULL,'No',0,'2016-11-10 00:48:43'),(41,70,'Thomas Campbell','Polish Bank','Poland',NULL,'12345678901234567890',NULL,NULL,NULL,NULL,NULL,NULL,NULL,NULL,NULL,NULL,NULL,NULL,NULL,NULL,'No',0,'2016-11-10 00:48:43'),(42,45,'Thomas INC.','Japan bank','Japan','74263296842369',NULL,'Checking',NULL,NULL,NULL,NULL,NULL,NULL,NULL,NULL,'9436','486',NULL,NULL,NULL,'No',0,'2016-11-10 00:48:43'),(43,45,'Thomas Campbell','Chase','United States','328965478',NULL,'Checking',NULL,NULL,NULL,'423698716',NULL,NULL,NULL,NULL,NULL,NULL,NULL,NULL,NULL,'No',0,'2016-11-10 00:48:43'),(44,70,'Thomas Campbell','Poland bank','Poland',NULL,'TPGJAMDWTPGJAMDAPTWM',NULL,NULL,NULL,NULL,NULL,NULL,NULL,NULL,NULL,NULL,NULL,NULL,NULL,NULL,'No',0,'2016-11-10 00:48:43'),(45,70,'Thomas Corporation','Mexico commerce','Mexico',NULL,NULL,NULL,NULL,NULL,NULL,NULL,NULL,NULL,NULL,NULL,NULL,NULL,NULL,'985279623784639862',NULL,'No',0,'2016-11-10 00:48:43'),(46,70,'Thomas Campbell','Poland agri','Poland',NULL,'WPGADMTPGJADMWTPGJAD',NULL,NULL,NULL,NULL,NULL,NULL,NULL,NULL,NULL,NULL,NULL,NULL,NULL,NULL,'No',0,'2016-11-10 00:48:43'),(47,70,'Thomas Corporation','Mexico transport','Mexico',NULL,NULL,NULL,NULL,NULL,NULL,NULL,NULL,NULL,NULL,NULL,NULL,NULL,NULL,'698423694123804627',NULL,'No',0,'2016-11-10 00:48:43'),(48,73,'Samuel Gutmann','PNC','United States','743',NULL,'Checking',NULL,NULL,NULL,'697453981',NULL,NULL,NULL,NULL,NULL,NULL,NULL,NULL,NULL,'Yes',0,'2016-11-10 00:48:43'),(49,73,'Samuel Gutmann','US BANK','United States','782369841325',NULL,'Checking',NULL,NULL,NULL,'874239846',NULL,NULL,NULL,NULL,NULL,NULL,NULL,NULL,NULL,'No',0,'2016-11-10 00:48:43'),(50,73,'Standard chartered Gutmann','standard chartered','United States','742369845632',NULL,'Checking',NULL,NULL,NULL,'984326981',NULL,NULL,NULL,NULL,NULL,NULL,NULL,NULL,NULL,'No',1,'2016-11-10 00:48:43'),(51,73,'samuel Gutmann','hsbc','United States','876237426935',NULL,'Checking',NULL,NULL,NULL,'786429816',NULL,NULL,NULL,NULL,NULL,NULL,NULL,NULL,NULL,'No',0,'2016-11-10 00:48:43'),(52,10,'My Business','US Bank','United States','483',NULL,'Checking',NULL,NULL,NULL,'743692146',NULL,NULL,NULL,NULL,NULL,NULL,NULL,NULL,NULL,'No',0,'2016-11-10 00:48:43'),(53,10,'thomas Campbell','pnc','United States','8426',NULL,'Checking',NULL,NULL,NULL,'742689413',NULL,NULL,NULL,NULL,NULL,NULL,NULL,NULL,NULL,'No',0,'2016-11-10 00:48:43'),(54,10,'My Business','Chase','United States','62458',NULL,'Checking',NULL,NULL,NULL,'786236984',NULL,NULL,NULL,NULL,NULL,NULL,NULL,NULL,NULL,'Yes',0,'2016-11-10 00:48:43'),(55,10,'thomas Campbell','standard chartered','United States','84263',NULL,'Checking',NULL,NULL,NULL,'983624563',NULL,NULL,NULL,NULL,NULL,NULL,NULL,NULL,NULL,'No',0,'2016-11-10 00:48:43'),(56,75,'Thomas inc.','Citi','United States','47586',NULL,'Checking',NULL,NULL,NULL,'475628963',NULL,NULL,NULL,NULL,NULL,NULL,NULL,NULL,NULL,'No',0,'2016-11-10 00:48:43'),(57,75,'th th','chase','United States','84263',NULL,'Checking',NULL,NULL,NULL,'742369842',NULL,NULL,NULL,NULL,NULL,NULL,NULL,NULL,NULL,'No',0,'2016-11-10 00:48:43'),(58,75,'Thomas inc.','pnc','United States','74269632',NULL,'Checking',NULL,NULL,NULL,'627842694',NULL,NULL,NULL,NULL,NULL,NULL,NULL,NULL,NULL,'No',0,'2016-11-10 00:48:43'),(59,75,'th th','bank ame','United States','968428',NULL,'Checking',NULL,NULL,NULL,'742638419',NULL,NULL,NULL,NULL,NULL,NULL,NULL,NULL,NULL,'Yes',0,'2016-11-10 00:48:43'),(60,75,'Thomas inc.','stan char','United States','8742369624786',NULL,'Checking',NULL,NULL,NULL,'624786943',NULL,NULL,NULL,NULL,NULL,NULL,NULL,NULL,NULL,'No',0,'2016-11-10 00:48:43'),(61,72,'Thomas Campbell','Bank of Philippines','Philippines','1234567890123456',NULL,NULL,NULL,NULL,NULL,NULL,NULL,NULL,NULL,NULL,NULL,NULL,NULL,NULL,'123456789','No',0,'2016-11-10 00:48:43'),(62,76,'thomas inc','bel bank','Belgium',NULL,'pgjamdtpgamdwtpg',NULL,NULL,NULL,NULL,NULL,NULL,NULL,NULL,NULL,NULL,NULL,NULL,NULL,NULL,'No',0,'2016-11-10 00:48:43'),(63,76,'th cb','chase','United States','874263',NULL,'Checking',NULL,NULL,NULL,'843684263',NULL,NULL,NULL,NULL,NULL,NULL,NULL,NULL,NULL,'No',1,'2016-11-10 00:48:43'),(64,76,'th cb','citi','United States','8423689624',NULL,'Checking',NULL,NULL,NULL,'698743692',NULL,NULL,NULL,NULL,NULL,NULL,NULL,NULL,NULL,'No',0,'2016-11-10 00:48:43'),(65,76,'be cb','boa','United States','872394',NULL,'Checking',NULL,NULL,NULL,'742369871',NULL,NULL,NULL,NULL,NULL,NULL,NULL,NULL,NULL,'Yes',0,'2016-11-10 00:48:43'),(66,76,'tg cb','sc','United States','6974239641',NULL,'Checking',NULL,NULL,NULL,'482153640',NULL,NULL,NULL,NULL,NULL,NULL,NULL,NULL,NULL,'No',1,'2016-11-10 00:48:43'),(67,72,'gt Campbell','metrobank','Philippines','7423696874',NULL,NULL,NULL,NULL,NULL,NULL,NULL,NULL,NULL,NULL,NULL,NULL,NULL,NULL,'742369874','No',0,'2016-11-10 00:48:43'),(68,72,'thomas Campbell','tphe','Philippines','7423696',NULL,NULL,NULL,NULL,NULL,NULL,NULL,NULL,NULL,NULL,NULL,NULL,NULL,NULL,'874263968','No',0,'2016-11-10 00:48:43'),(69,70,'tho Campbell','Polish airforce','Poland',NULL,'8gjamapgadjtmgja9847',NULL,NULL,NULL,NULL,NULL,NULL,NULL,NULL,NULL,NULL,NULL,NULL,NULL,NULL,'No',0,'2016-11-10 00:48:43'),(70,73,'th Gutmann','barclays','United States','8423694',NULL,'Checking',NULL,NULL,NULL,'842369843',NULL,NULL,NULL,NULL,NULL,NULL,NULL,NULL,NULL,'No',0,'2016-11-10 00:48:43'),(71,72,'metro phi Campbell','metro philipine','Philippines','7423698742638',NULL,NULL,NULL,NULL,NULL,NULL,NULL,NULL,NULL,NULL,NULL,NULL,NULL,NULL,'987423698','No',0,'2016-11-10 00:48:43'),(72,70,'Thomas Corporation','Wnu bank','Mexico',NULL,NULL,NULL,NULL,NULL,NULL,NULL,NULL,NULL,NULL,NULL,NULL,NULL,NULL,'742639874163217865',NULL,'No',0,'2016-11-10 00:48:43'),(73,70,'Thomas Campbell','Commerce bank','Poland',NULL,'7463895412638741TPGM',NULL,NULL,NULL,NULL,NULL,NULL,NULL,NULL,NULL,NULL,NULL,NULL,NULL,NULL,'No',0,'2016-11-10 00:48:43'),(74,73,'my busi','bd bnk','Bangladesh','46527923',NULL,NULL,'PGJAMDTP','13 Main road',NULL,NULL,NULL,NULL,NULL,NULL,NULL,NULL,NULL,NULL,NULL,'No',0,'2016-11-10 00:48:43'),(75,73,'Sam Gutmann','Us','United States','87463964',NULL,'Checking',NULL,NULL,NULL,'962347863',NULL,NULL,NULL,NULL,NULL,NULL,NULL,NULL,NULL,'No',0,'2016-11-10 00:48:43'),(76,56,'Thomas Campbell','PMC bnk','United States','9634786241',NULL,'Checking',NULL,NULL,NULL,'746923478',NULL,NULL,NULL,NULL,NULL,NULL,NULL,NULL,NULL,'No',0,'2016-11-10 00:48:43'),(77,75,'Thomas inc.','CITI 7','United States','8463987423',NULL,'Checking',NULL,NULL,NULL,'746984623',NULL,NULL,NULL,NULL,NULL,NULL,NULL,NULL,NULL,'No',0,'2016-11-10 00:48:43'),(78,76,'thomas inc','Bel bank','Belgium',NULL,'1432862TGJADMTPG',NULL,NULL,NULL,NULL,NULL,NULL,NULL,NULL,NULL,NULL,NULL,NULL,NULL,NULL,'No',0,'2016-11-10 00:48:43'),(79,76,'Th cb','Multi bank','United States','4639856237863',NULL,'Checking',NULL,NULL,NULL,'987563209',NULL,NULL,NULL,NULL,NULL,NULL,NULL,NULL,NULL,'No',0,'2016-11-10 00:48:43'),(80,72,'Thomas Campbell','PH bank','Philippines','9624369651238',NULL,NULL,NULL,NULL,NULL,NULL,NULL,NULL,NULL,NULL,NULL,NULL,NULL,NULL,'963846276','No',0,'2016-11-10 00:48:43'),(81,99,'AHMED ELGALANI Abdulmageed','NATIONAL BANK OF EGYPT','Egypt','36201513880',NULL,NULL,'NBEGEGCX187',NULL,NULL,NULL,NULL,NULL,NULL,NULL,NULL,NULL,NULL,NULL,NULL,'No',0,'2016-11-10 00:48:43'),(82,100,'Jelmer Alexander de Kok',NULL,'Span','ES792038274818300035',NULL,NULL,NULL,NULL,NULL,NULL,NULL,NULL,NULL,NULL,NULL,NULL,NULL,NULL,NULL,'No',0,'2016-11-10 00:48:43'),(83,72,'Th Campbell','P bnk','Philippines','874632963',NULL,NULL,NULL,NULL,NULL,NULL,NULL,NULL,NULL,NULL,NULL,NULL,NULL,NULL,'862436968','No',0,'2016-11-10 00:48:43'),(84,97,'Hav Karin','Bank de','Brazil','68754369',NULL,NULL,'WGDMTPGM','UHNE',NULL,NULL,NULL,NULL,NULL,NULL,NULL,NULL,NULL,NULL,NULL,'No',0,'2016-11-10 00:48:43'),(85,111,'Piotr Lugowski',NULL,'Span','ES40 0081 0552 9600 ',NULL,NULL,NULL,NULL,NULL,NULL,NULL,NULL,NULL,NULL,NULL,NULL,NULL,NULL,NULL,'No',0,'2016-11-10 00:48:43'),(86,100,'Jelmer Alexander de Kok',NULL,'Span','20382748183000357181',NULL,NULL,NULL,NULL,NULL,NULL,NULL,NULL,NULL,NULL,NULL,NULL,NULL,NULL,NULL,'No',0,'2016-11-10 00:48:43'),(87,105,'Alberto Masini','Unicredit','Italy',NULL,'IT90B020082410600010',NULL,NULL,NULL,NULL,NULL,NULL,NULL,NULL,NULL,NULL,NULL,NULL,NULL,NULL,'No',0,'2016-11-10 00:48:43'),(88,111,'Piotr Lugowski',NULL,'Span','ES400081055296000164',NULL,NULL,NULL,NULL,NULL,NULL,NULL,NULL,NULL,NULL,NULL,NULL,NULL,NULL,NULL,'No',0,'2016-11-10 00:48:43'),(89,112,'ALIYEVA NARMINA ARIF KYZY Aliyeva','ATABANK','Azerbaijan',NULL,'AZ86ATAZ012001525910',NULL,'ATAZAZ22','AZERBAIJAN, BAKU, SH.BADALBEYLI STR. 102',NULL,NULL,NULL,NULL,NULL,NULL,NULL,NULL,NULL,NULL,NULL,'No',0,'2016-11-10 00:48:43'),(90,117,'Patricia Vasconcellos','Banco do Brasil','Brazil','32730-1',NULL,NULL,'BRASBRRJBHE',NULL,NULL,NULL,NULL,NULL,NULL,NULL,NULL,NULL,NULL,NULL,NULL,'No',0,'2016-11-10 00:48:43'),(91,102,'Ekaterina (passport MP 3292839) Varivoda','BELARUSBANK, Correspondent bank: CITIBANK N.A., NEW YORK SWIFT: CITIUS33','Belarus','36316365',NULL,NULL,'AKBBBY2X','18, DZERZHINSKI AVE MINSK 220089, BELARUS',NULL,NULL,NULL,NULL,NULL,NULL,NULL,NULL,NULL,NULL,NULL,'No',0,'2016-11-10 00:48:43'),(92,122,'h k',NULL,'Span','ES948623785412369654',NULL,NULL,NULL,NULL,NULL,NULL,NULL,NULL,NULL,NULL,NULL,NULL,NULL,NULL,NULL,'No',0,'2016-11-10 00:48:43'),(93,122,'o k',NULL,'Span','ES624863841762387692',NULL,NULL,NULL,NULL,NULL,NULL,NULL,NULL,NULL,NULL,NULL,NULL,NULL,NULL,NULL,'No',0,'2016-11-10 00:48:43'),(94,122,'n k',NULL,'Span','5638639',NULL,NULL,NULL,NULL,NULL,NULL,NULL,NULL,NULL,NULL,NULL,NULL,NULL,NULL,NULL,'No',0,'2016-11-10 00:48:43'),(95,122,'h k',NULL,'Span','ABCDEFGHIJKLMNOPQRST',NULL,NULL,NULL,NULL,NULL,NULL,NULL,NULL,NULL,NULL,NULL,NULL,NULL,NULL,NULL,'No',0,'2016-11-10 00:48:43'),(96,122,'H k',NULL,'Span','ABCD EFGH IJKL MNOP ',NULL,NULL,NULL,NULL,NULL,NULL,NULL,NULL,NULL,NULL,NULL,NULL,NULL,NULL,NULL,'No',0,'2016-11-10 00:48:43'),(97,121,'Tony Bobo','Credit Lyonnais','France',NULL,'FR273000206951000000',NULL,NULL,NULL,NULL,NULL,NULL,NULL,NULL,NULL,NULL,NULL,NULL,NULL,NULL,'No',0,'2016-11-10 00:48:43'),(98,119,'Ilaria Castelli','Barclays Bank','United Kingdom','90051179',NULL,NULL,NULL,NULL,'207463',NULL,NULL,NULL,NULL,NULL,NULL,NULL,NULL,NULL,NULL,'No',0,'2016-11-10 00:48:43'),(99,118,'Martina Triaca','Intesa SanPaolo','Italy',NULL,'IT98V030692300410000',NULL,NULL,NULL,NULL,NULL,NULL,NULL,NULL,NULL,NULL,NULL,NULL,NULL,NULL,'No',0,'2016-11-10 00:48:43'),(100,106,'Rebeca García García',NULL,'Span','01824051710201720091',NULL,NULL,NULL,NULL,NULL,NULL,NULL,NULL,NULL,NULL,NULL,NULL,NULL,NULL,NULL,'No',0,'2016-11-10 00:48:43'),(101,123,'Marco Petrucci','Deutsch Bank','Italy',NULL,'IT82Y031041390000000',NULL,NULL,NULL,NULL,NULL,NULL,NULL,NULL,NULL,NULL,NULL,NULL,NULL,NULL,'No',0,'2016-11-10 00:48:43'),(102,104,'Laura Díaz',NULL,'Span','21001718750100363547',NULL,NULL,NULL,NULL,NULL,NULL,NULL,NULL,NULL,NULL,NULL,NULL,NULL,NULL,NULL,'No',0,'2016-11-10 00:48:43'),(103,125,'Marta Casals Jové','Fio banka','Czech Republic',NULL,'CZ402010000000220040',NULL,NULL,NULL,NULL,NULL,NULL,NULL,NULL,NULL,NULL,NULL,NULL,NULL,NULL,'No',0,'2016-11-10 00:48:43'),(104,15,'Thomas M Campbell','US bank','United States','3178524',NULL,'Checking',NULL,NULL,NULL,'625147826',NULL,NULL,NULL,NULL,NULL,NULL,NULL,NULL,NULL,'No',0,'2016-11-10 00:48:43'),(105,15,'THOMAS COMPANY','National bank of Belarus','Belarus','8745369251',NULL,NULL,'UQNEBHUKN43',NULL,NULL,NULL,NULL,NULL,NULL,NULL,NULL,NULL,NULL,NULL,NULL,'No',0,'2016-11-10 00:48:43'),(107,15,'Thomas Campbell','California bank of Arts and CREATIVE Technology','United States','9624317896',NULL,'Checking',NULL,NULL,NULL,'628634182',NULL,NULL,NULL,NULL,NULL,NULL,NULL,NULL,NULL,'No',1,'2016-11-10 00:48:43'),(108,109,'Gillian Bulbeck Schneiderman','Test Bank','Argentina','482075',NULL,NULL,'AGTEST12','Argentina',NULL,NULL,NULL,NULL,NULL,NULL,NULL,NULL,NULL,NULL,NULL,'No',0,'2016-11-10 00:48:43'),(109,114,'TEST Bialou','TEST BANK','Bulgaria',NULL,'ABCDEFGHIJKL74215680',NULL,NULL,NULL,NULL,NULL,NULL,NULL,NULL,NULL,NULL,NULL,NULL,NULL,NULL,'No',0,'2016-11-18 16:23:53'),(110,114,'TEST Bialou','TEST BANK','Bulgaria',NULL,'ABCDEFGHIJKL74215680',NULL,NULL,NULL,NULL,NULL,NULL,NULL,NULL,NULL,NULL,NULL,NULL,NULL,NULL,'No',0,'2016-11-18 16:23:57'),(111,114,'Test Bialou','Test Bank','Bulgaria',NULL,'ABCDEFGHIJKL74215680',NULL,NULL,NULL,NULL,NULL,NULL,NULL,NULL,NULL,NULL,NULL,NULL,NULL,NULL,'No',0,'2016-11-19 10:13:04'),(112,106,' García',NULL,'Span','ABCDEFGHIJKL74215680',NULL,NULL,NULL,NULL,NULL,NULL,NULL,NULL,NULL,NULL,NULL,NULL,NULL,NULL,NULL,'No',0,'2016-11-19 11:28:04'),(120,130,'Qa emp','HDFC','India','23456789539',NULL,NULL,NULL,NULL,NULL,NULL,'12345678677',NULL,NULL,NULL,NULL,NULL,NULL,NULL,NULL,'No',1,'2016-12-21 07:00:36'),(121,130,'Qa emp','test bank','India','6787657648990289',NULL,NULL,NULL,NULL,NULL,NULL,'89775674566',NULL,NULL,NULL,NULL,NULL,NULL,NULL,NULL,'No',1,'2016-12-21 07:01:12'),(122,130,'Qa emp','HSBC','India','8596859645236985',NULL,NULL,NULL,NULL,NULL,NULL,'45678952566',NULL,NULL,NULL,NULL,NULL,NULL,NULL,NULL,'No',1,'2016-12-21 07:01:44'),(123,130,'Qa emp','ICICI','India','7894561236547896',NULL,NULL,NULL,NULL,NULL,NULL,'45896325996',NULL,NULL,NULL,NULL,NULL,NULL,NULL,NULL,'No',1,'2016-12-21 07:02:07'),(125,130,'Qa emp','test bank','India','34567745445555',NULL,NULL,NULL,NULL,NULL,NULL,'12345678612',NULL,NULL,NULL,NULL,NULL,NULL,NULL,NULL,'No',0,'2016-12-22 08:54:39'),(126,130,'Qa emp','Test','United States','000123456789',NULL,'Checking',NULL,NULL,NULL,'110000000',NULL,NULL,NULL,NULL,NULL,NULL,NULL,NULL,NULL,'No',1,'2016-12-22 09:11:53'),(128,130,'Qa emp','testing','United States','58962478596325855',NULL,'Checking',NULL,NULL,NULL,'456789563',NULL,NULL,NULL,NULL,NULL,NULL,NULL,NULL,NULL,'No',1,'2016-12-22 12:00:26'),(130,137,'Empower Test','SBI','India','1234567891234567',NULL,NULL,NULL,NULL,NULL,NULL,'12345678912',NULL,NULL,NULL,NULL,NULL,NULL,NULL,NULL,'No',0,'2016-12-26 10:53:43'),(131,133,'business of stones','test account','United States','589',NULL,'Checking',NULL,NULL,NULL,'123456989',NULL,NULL,NULL,NULL,NULL,NULL,NULL,NULL,NULL,'Yes',1,'2016-12-27 09:48:46'),(132,130,'Qa emp','test','Canada','123456',NULL,NULL,NULL,NULL,NULL,NULL,NULL,'12345','123',NULL,NULL,NULL,NULL,NULL,NULL,'No',1,'2016-12-27 11:18:13'),(133,130,'Qa emp','test bank','United Kingdom','123456',NULL,NULL,NULL,NULL,'123456',NULL,NULL,NULL,NULL,NULL,NULL,NULL,NULL,NULL,NULL,'No',1,'2016-12-27 11:48:28'),(134,130,'Qa emp','test bank','United Kingdom','123456',NULL,NULL,NULL,NULL,'123456',NULL,NULL,NULL,NULL,NULL,NULL,NULL,NULL,NULL,NULL,'No',1,'2016-12-27 11:48:53'),(135,130,'Qa emp','test bank','Australia','123456',NULL,NULL,NULL,NULL,NULL,NULL,NULL,NULL,NULL,'123456',NULL,NULL,NULL,NULL,NULL,'No',1,'2016-12-27 11:49:45'),(136,130,'Qa emp','bank test','New Zealand','9876543210',NULL,NULL,NULL,NULL,NULL,NULL,NULL,NULL,NULL,'987654',NULL,NULL,NULL,NULL,NULL,'No',0,'2016-12-27 11:50:51'),(137,130,'Qa emp','bank India','India','987654321987654',NULL,NULL,NULL,NULL,NULL,NULL,'abc12345678',NULL,NULL,NULL,NULL,NULL,NULL,NULL,NULL,'No',0,'2016-12-27 12:03:21'),(138,130,'Qa emp','bank philippines','Philippines','987654',NULL,NULL,NULL,NULL,NULL,NULL,NULL,NULL,NULL,NULL,NULL,NULL,NULL,NULL,'654321987','No',1,'2016-12-27 12:06:43'),(139,130,'Qa emp','bank Philippines','Mexico',NULL,NULL,NULL,NULL,NULL,NULL,NULL,NULL,NULL,NULL,NULL,NULL,NULL,NULL,'987654321987654321',NULL,'No',0,'2016-12-27 12:08:18'),(140,130,'Qa emp','bank mexico','Mexico',NULL,NULL,NULL,NULL,NULL,NULL,NULL,NULL,NULL,NULL,NULL,NULL,NULL,NULL,'987654321987654320',NULL,'No',1,'2016-12-27 12:21:40'),(141,130,'Qa emp','bank Japan','Japan','123456789',NULL,'Ordinary Savings',NULL,NULL,NULL,NULL,NULL,NULL,NULL,NULL,'1234','123',NULL,NULL,NULL,'No',1,'2016-12-27 12:23:33'),(142,130,'Qa emp','Bank Malaysia','Malaysia','123456',NULL,NULL,NULL,NULL,NULL,NULL,NULL,NULL,NULL,NULL,NULL,NULL,'123456ab',NULL,NULL,'No',1,'2016-12-27 12:25:07'),(143,130,'Qa emp','bank all','Macau','12345',NULL,NULL,'12345678','Branch address',NULL,NULL,NULL,NULL,NULL,NULL,NULL,NULL,NULL,NULL,NULL,'No',0,'2016-12-27 12:29:29'),(144,133,'Business of stones','bank all','Macau','12345',NULL,NULL,'12345678','branch address',NULL,NULL,NULL,NULL,NULL,NULL,NULL,NULL,NULL,NULL,NULL,'No',0,'2016-12-27 12:34:51'),(145,133,'Business of stones','bank spain','Spain',NULL,'987654321987654321987654',NULL,NULL,NULL,NULL,NULL,NULL,NULL,NULL,NULL,NULL,NULL,NULL,NULL,NULL,'No',0,'2016-12-27 12:52:19'),(146,130,'Qa emp','Bank Thai','Thailand','987654',NULL,NULL,'98765432100',NULL,NULL,NULL,NULL,NULL,NULL,NULL,NULL,NULL,NULL,NULL,NULL,'No',1,'2016-12-28 05:58:46'),(147,130,'Qa emp','Bank Thai','Thailand','987654',NULL,NULL,'98765432','test',NULL,NULL,NULL,NULL,NULL,NULL,NULL,NULL,NULL,NULL,NULL,'No',0,'2016-12-28 05:59:26'),(148,130,'Qa emp','test bank','Gibraltar',NULL,'11111111111111111111111',NULL,NULL,NULL,NULL,NULL,NULL,NULL,NULL,NULL,NULL,NULL,NULL,NULL,NULL,'No',1,'2016-12-28 06:39:50'),(149,133,'Business of stones','bank spain','Spain',NULL,'111111111111111111111111',NULL,NULL,NULL,NULL,NULL,NULL,NULL,NULL,NULL,NULL,NULL,NULL,NULL,NULL,'No',0,'2016-12-28 06:41:12'),(150,130,'Qa emp','SBI','Belgium',NULL,'1234567891234567',NULL,NULL,NULL,NULL,NULL,NULL,NULL,NULL,NULL,NULL,NULL,NULL,NULL,NULL,'No',1,'2016-12-28 09:14:23'),(151,130,'dsfdsf user','Test','Malaysia','1234567891234567','1234567891234567',NULL,NULL,NULL,NULL,NULL,NULL,NULL,NULL,NULL,NULL,NULL,'12345678',NULL,NULL,'No',1,'2016-12-28 09:24:14'),(152,130,'adsad user','test','Malaysia','12345678912345678912',NULL,NULL,NULL,NULL,NULL,NULL,NULL,NULL,NULL,NULL,NULL,NULL,'12345678',NULL,NULL,'No',1,'2016-12-28 09:26:35'),(154,130,'Qa emp','bank Us','United Kingdom','123456',NULL,NULL,NULL,NULL,'123456',NULL,NULL,NULL,NULL,NULL,NULL,NULL,NULL,NULL,NULL,'No',0,'2016-12-28 10:53:38'),(158,130,'Qa emp','bank uk1','United Kingdom','12345678',NULL,NULL,NULL,NULL,'123456',NULL,NULL,NULL,NULL,NULL,NULL,NULL,NULL,NULL,NULL,'No',1,'2016-12-29 09:23:38'),(159,130,'Qa emp','bank uk2','United Kingdom','12345678',NULL,NULL,NULL,NULL,'123465',NULL,NULL,NULL,NULL,NULL,NULL,NULL,NULL,NULL,NULL,'No',1,'2016-12-29 09:24:20'),(160,130,'Qa emp','bank uk1','United Kingdom','98765432',NULL,NULL,NULL,NULL,'123456',NULL,NULL,NULL,NULL,NULL,NULL,NULL,NULL,NULL,NULL,'No',0,'2016-12-29 09:25:16'),(161,133,'Business of stones','Us bank','United States','98098765676',NULL,'Checking',NULL,NULL,NULL,'987654345',NULL,NULL,NULL,NULL,NULL,NULL,NULL,NULL,NULL,'No',0,'2017-01-02 07:44:23'),(162,139,'test sonali','test bank','Spain',NULL,'6958963569856325698563254569871236',NULL,NULL,NULL,NULL,NULL,NULL,NULL,NULL,NULL,NULL,NULL,NULL,NULL,NULL,'No',0,'2017-01-02 08:43:17'),(163,140,'SBI test','SBI','India','12345678901234',NULL,NULL,NULL,NULL,NULL,NULL,'12397458452',NULL,NULL,NULL,NULL,NULL,NULL,NULL,NULL,'No',0,'2017-01-02 12:01:34'),(164,140,'AXIS test','AXIS','India','3256417538516988',NULL,NULL,NULL,NULL,NULL,NULL,'15975385245',NULL,NULL,NULL,NULL,NULL,NULL,NULL,NULL,'No',1,'2017-01-02 12:02:38'),(165,72,'test Campbell','SBI','Philippines','1234567891234567',NULL,NULL,NULL,NULL,NULL,NULL,NULL,NULL,NULL,NULL,NULL,NULL,NULL,NULL,'123456789','No',0,'2017-01-04 06:10:41'),(166,133,'Business of stones','test bank name','United States','85963685965896',NULL,'Checking',NULL,NULL,NULL,'123456789',NULL,NULL,NULL,NULL,NULL,NULL,NULL,NULL,NULL,'No',0,'2017-01-04 06:18:05'),(167,133,'Business of stones','bank Us','United States','23345666',NULL,'Checking',NULL,NULL,NULL,'678754544',NULL,NULL,NULL,NULL,NULL,NULL,NULL,NULL,NULL,'No',1,'2017-01-04 07:07:15'),(168,142,'Vikalp Gupta','Axis','India','1010101010101010',NULL,NULL,NULL,NULL,NULL,NULL,'BKIC14785SS',NULL,NULL,NULL,NULL,NULL,NULL,NULL,NULL,'No',1,'2017-02-06 08:43:20'),(169,144,'kgghgdg','Antiopr','Armenia','dhghty',NULL,NULL,'fgtyuioljut',NULL,NULL,NULL,NULL,NULL,NULL,NULL,NULL,NULL,NULL,NULL,NULL,'No',0,'2017-02-17 01:29:14'),(170,144,'jhjghf ljjggh','kjkhjgh','Azerbaijan',NULL,'vfgtyuiolkjhgtrewsaxcvbhnjkm',NULL,'mkolutredfh',NULL,NULL,NULL,NULL,NULL,NULL,NULL,NULL,NULL,NULL,NULL,NULL,'No',0,'2017-02-17 01:29:50'),(171,148,'KFR','CIT','India','554545641564646',NULL,NULL,NULL,NULL,NULL,NULL,'VBIN2563012',NULL,NULL,NULL,NULL,NULL,NULL,NULL,NULL,'No',0,'2017-02-20 11:26:13'),(172,148,'KFR','PNB','India','1230214789036547',NULL,NULL,NULL,NULL,NULL,NULL,'JKL98703654',NULL,NULL,NULL,NULL,NULL,NULL,NULL,NULL,'No',1,'2017-02-20 11:27:27'),(173,142,'Vikalp Solutions','sbi','India','1234567',NULL,NULL,NULL,NULL,NULL,NULL,'spk12345678',NULL,NULL,NULL,NULL,NULL,NULL,NULL,NULL,'No',0,'2017-02-21 13:03:46'),(174,153,'Bakery','UNB','India','87897974465',NULL,NULL,NULL,NULL,NULL,NULL,'GH456302111',NULL,NULL,NULL,NULL,NULL,NULL,NULL,NULL,'No',0,'2017-02-22 05:13:29'),(175,184,'test busi','bhhjhg','Anguilla','6546577787876',NULL,NULL,'fgtryuio','jhgyyhtftftcfghfg',NULL,NULL,NULL,NULL,NULL,NULL,NULL,NULL,NULL,NULL,NULL,'No',0,'2017-03-02 12:14:03');
/*!40000 ALTER TABLE `accounts` ENABLE KEYS */;
UNLOCK TABLES;

--
-- Table structure for table `apps_countries`
--

DROP TABLE IF EXISTS `apps_countries`;
/*!40101 SET @saved_cs_client     = @@character_set_client */;
/*!40101 SET character_set_client = utf8 */;
CREATE TABLE `apps_countries` (
  `id` int(11) NOT NULL AUTO_INCREMENT,
  `country_code` varchar(2) NOT NULL DEFAULT '',
  `country_name` varchar(100) NOT NULL DEFAULT '',
  PRIMARY KEY (`id`)
) ENGINE=MyISAM AUTO_INCREMENT=247 DEFAULT CHARSET=utf8;
/*!40101 SET character_set_client = @saved_cs_client */;

--
-- Dumping data for table `apps_countries`
--

LOCK TABLES `apps_countries` WRITE;
/*!40000 ALTER TABLE `apps_countries` DISABLE KEYS */;
INSERT INTO `apps_countries` VALUES (1,'AF','Afghanistan'),(2,'AL','Albania'),(3,'DZ','Algeria'),(4,'DS','American Samoa'),(5,'AD','Andorra'),(6,'AO','Angola'),(7,'AI','Anguilla'),(8,'AQ','Antarctica'),(9,'AG','Antigua and Barbuda'),(10,'AR','Argentina'),(11,'AM','Armenia'),(12,'AW','Aruba'),(13,'AU','Australia'),(14,'AT','Austria'),(15,'AZ','Azerbaijan'),(16,'BS','Bahamas'),(17,'BH','Bahrain'),(18,'BD','Bangladesh'),(19,'BB','Barbados'),(20,'BY','Belarus'),(21,'BE','Belgium'),(22,'BZ','Belize'),(23,'BJ','Benin'),(24,'BM','Bermuda'),(25,'BT','Bhutan'),(26,'BO','Bolivia'),(27,'BA','Bosnia and Herzegovina'),(28,'BW','Botswana'),(29,'BV','Bouvet Island'),(30,'BR','Brazil'),(31,'IO','British Indian Ocean Territory'),(32,'BN','Brunei Darussalam'),(33,'BG','Bulgaria'),(34,'BF','Burkina Faso'),(35,'BI','Burundi'),(36,'KH','Cambodia'),(37,'CM','Cameroon'),(38,'CA','Canada'),(39,'CV','Cape Verde'),(40,'KY','Cayman Islands'),(41,'CF','Central African Republic'),(42,'TD','Chad'),(43,'CL','Chile'),(44,'CN','China'),(45,'CX','Christmas Island'),(46,'CC','Cocos (Keeling) Islands'),(47,'CO','Colombia'),(48,'KM','Comoros'),(49,'CG','Congo'),(50,'CK','Cook Islands'),(51,'CR','Costa Rica'),(52,'HR','Croatia (Hrvatska)'),(53,'CU','Cuba'),(54,'CY','Cyprus'),(55,'CZ','Czech Republic'),(56,'DK','Denmark'),(57,'DJ','Djibouti'),(58,'DM','Dominica'),(59,'DO','Dominican Republic'),(60,'TP','East Timor'),(61,'EC','Ecuador'),(62,'EG','Egypt'),(63,'SV','El Salvador'),(64,'GQ','Equatorial Guinea'),(65,'ER','Eritrea'),(66,'EE','Estonia'),(67,'ET','Ethiopia'),(68,'FK','Falkland Islands (Malvinas)'),(69,'FO','Faroe Islands'),(70,'FJ','Fiji'),(71,'FI','Finland'),(72,'FR','France'),(73,'FX','France, Metropolitan'),(74,'GF','French Guiana'),(75,'PF','French Polynesia'),(76,'TF','French Southern Territories'),(77,'GA','Gabon'),(78,'GM','Gambia'),(79,'GE','Georgia'),(80,'DE','Germany'),(81,'GH','Ghana'),(82,'GI','Gibraltar'),(83,'GK','Guernsey'),(84,'GR','Greece'),(85,'GL','Greenland'),(86,'GD','Grenada'),(87,'GP','Guadeloupe'),(88,'GU','Guam'),(89,'GT','Guatemala'),(90,'GN','Guinea'),(91,'GW','Guinea-Bissau'),(92,'GY','Guyana'),(93,'HT','Haiti'),(94,'HM','Heard and Mc Donald Islands'),(95,'HN','Honduras'),(96,'HK','Hong Kong'),(97,'HU','Hungary'),(98,'IS','Iceland'),(99,'IN','India'),(100,'IM','Isle of Man'),(101,'ID','Indonesia'),(102,'IR','Iran (Islamic Republic of)'),(103,'IQ','Iraq'),(104,'IE','Ireland'),(105,'IL','Israel'),(106,'IT','Italy'),(107,'CI','Ivory Coast'),(108,'JE','Jersey'),(109,'JM','Jamaica'),(110,'JP','Japan'),(111,'JO','Jordan'),(112,'KZ','Kazakhstan'),(113,'KE','Kenya'),(114,'KI','Kiribati'),(115,'KP','Korea, Democratic People\'s Republic of'),(116,'KR','Korea, Republic of'),(117,'XK','Kosovo'),(118,'KW','Kuwait'),(119,'KG','Kyrgyzstan'),(120,'LA','Lao People\'s Democratic Republic'),(121,'LV','Latvia'),(122,'LB','Lebanon'),(123,'LS','Lesotho'),(124,'LR','Liberia'),(125,'LY','Libyan Arab Jamahiriya'),(126,'LI','Liechtenstein'),(127,'LT','Lithuania'),(128,'LU','Luxembourg'),(129,'MO','Macau'),(130,'MK','Macedonia'),(131,'MG','Madagascar'),(132,'MW','Malawi'),(133,'MY','Malaysia'),(134,'MV','Maldives'),(135,'ML','Mali'),(136,'MT','Malta'),(137,'MH','Marshall Islands'),(138,'MQ','Martinique'),(139,'MR','Mauritania'),(140,'MU','Mauritius'),(141,'TY','Mayotte'),(142,'MX','Mexico'),(143,'FM','Micronesia, Federated States of'),(144,'MD','Moldova, Republic of'),(145,'MC','Monaco'),(146,'MN','Mongolia'),(147,'ME','Montenegro'),(148,'MS','Montserrat'),(149,'MA','Morocco'),(150,'MZ','Mozambique'),(151,'MM','Myanmar'),(152,'NA','Namibia'),(153,'NR','Nauru'),(154,'NP','Nepal'),(155,'NL','Netherlands'),(156,'AN','Netherlands Antilles'),(157,'NC','New Caledonia'),(158,'NZ','New Zealand'),(159,'NI','Nicaragua'),(160,'NE','Niger'),(161,'NG','Nigeria'),(162,'NU','Niue'),(163,'NF','Norfolk Island'),(164,'MP','Northern Mariana Islands'),(165,'NO','Norway'),(166,'OM','Oman'),(167,'PK','Pakistan'),(168,'PW','Palau'),(169,'PS','Palestine'),(170,'PA','Panama'),(171,'PG','Papua New Guinea'),(172,'PY','Paraguay'),(173,'PE','Peru'),(174,'PH','Philippines'),(175,'PN','Pitcairn'),(176,'PL','Poland'),(177,'PT','Portugal'),(178,'PR','Puerto Rico'),(179,'QA','Qatar'),(180,'RE','Reunion'),(181,'RO','Romania'),(182,'RU','Russian Federation'),(183,'RW','Rwanda'),(184,'KN','Saint Kitts and Nevis'),(185,'LC','Saint Lucia'),(186,'VC','Saint Vincent and the Grenadines'),(187,'WS','Samoa'),(188,'SM','San Marino'),(189,'ST','Sao Tome and Principe'),(190,'SA','Saudi Arabia'),(191,'SN','Senegal'),(192,'RS','Serbia'),(193,'SC','Seychelles'),(194,'SL','Sierra Leone'),(195,'SG','Singapore'),(196,'SK','Slovakia'),(197,'SI','Slovenia'),(198,'SB','Solomon Islands'),(199,'SO','Somalia'),(200,'ZA','South Africa'),(201,'GS','South Georgia South Sandwich Islands'),(202,'ES','Spain'),(203,'LK','Sri Lanka'),(204,'SH','St. Helena'),(205,'PM','St. Pierre and Miquelon'),(206,'SD','Sudan'),(207,'SR','Suriname'),(208,'SJ','Svalbard and Jan Mayen Islands'),(209,'SZ','Swaziland'),(210,'SE','Sweden'),(211,'CH','Switzerland'),(212,'SY','Syrian Arab Republic'),(213,'TW','Taiwan'),(214,'TJ','Tajikistan'),(215,'TZ','Tanzania, United Republic of'),(216,'TH','Thailand'),(217,'TG','Togo'),(218,'TK','Tokelau'),(219,'TO','Tonga'),(220,'TT','Trinidad and Tobago'),(221,'TN','Tunisia'),(222,'TR','Turkey'),(223,'TM','Turkmenistan'),(224,'TC','Turks and Caicos Islands'),(225,'TV','Tuvalu'),(226,'UG','Uganda'),(227,'UA','Ukraine'),(228,'AE','United Arab Emirates'),(229,'GB','United Kingdom'),(230,'US','United States'),(231,'UM','United States minor outlying islands'),(232,'UY','Uruguay'),(233,'UZ','Uzbekistan'),(234,'VU','Vanuatu'),(235,'VA','Vatican City State'),(236,'VE','Venezuela'),(237,'VN','Vietnam'),(238,'VG','Virgin Islands (British)'),(239,'VI','Virgin Islands (U.S.)'),(240,'WF','Wallis and Futuna Islands'),(241,'EH','Western Sahara'),(242,'YE','Yemen'),(243,'YU','Yugoslavia'),(244,'ZR','Zaire'),(245,'ZM','Zambia'),(246,'ZW','Zimbabwe');
/*!40000 ALTER TABLE `apps_countries` ENABLE KEYS */;
UNLOCK TABLES;

--
-- Table structure for table `balance`
--

DROP TABLE IF EXISTS `balance`;
/*!40101 SET @saved_cs_client     = @@character_set_client */;
/*!40101 SET character_set_client = utf8 */;
CREATE TABLE `balance` (
  `id` int(11) NOT NULL,
  `balance` decimal(15,2) DEFAULT NULL,
  PRIMARY KEY (`id`),
  CONSTRAINT `balance_fk` FOREIGN KEY (`id`) REFERENCES `users` (`id`) ON DELETE CASCADE ON UPDATE CASCADE
) ENGINE=InnoDB DEFAULT CHARSET=latin1;
/*!40101 SET character_set_client = @saved_cs_client */;

--
-- Dumping data for table `balance`
--

LOCK TABLES `balance` WRITE;
/*!40000 ALTER TABLE `balance` DISABLE KEYS */;
INSERT INTO `balance` VALUES (51,0.00),(99,242.50),(100,242.50),(101,242.50),(102,242.50),(103,242.50),(104,242.50),(105,363.75),(106,301.60),(107,-4.85),(108,213.40),(109,242.50),(111,213.40),(112,242.50),(113,0.01),(114,152.20),(115,213.40),(116,213.40),(117,0.02),(118,213.40),(119,213.40),(120,213.40),(121,426.80),(123,213.40),(124,0.00),(125,203.70),(126,213.40);
/*!40000 ALTER TABLE `balance` ENABLE KEYS */;
UNLOCK TABLES;

--
-- Table structure for table `bank_account_number_rules`
--

DROP TABLE IF EXISTS `bank_account_number_rules`;
/*!40101 SET @saved_cs_client     = @@character_set_client */;
/*!40101 SET character_set_client = utf8 */;
CREATE TABLE `bank_account_number_rules` (
  `id` int(10) unsigned NOT NULL AUTO_INCREMENT,
  `country` varchar(250) COLLATE utf8_unicode_ci DEFAULT NULL,
  `min` int(10) unsigned DEFAULT NULL,
  `max` int(10) unsigned DEFAULT NULL,
  `field` varchar(100) COLLATE utf8_unicode_ci DEFAULT NULL,
  `regex_pattern` varchar(100) COLLATE utf8_unicode_ci DEFAULT NULL COMMENT 'contains a regular expression for html field validation',
  `placeholder` varchar(100) COLLATE utf8_unicode_ci DEFAULT NULL COMMENT 'Placeholder for input field.',
  `pattern_mismatch_text` varchar(100) COLLATE utf8_unicode_ci DEFAULT NULL COMMENT 'Error message to be displayed when mismatch occurs.',
  `sepa_member` enum('Yes','No') COLLATE utf8_unicode_ci DEFAULT NULL,
  PRIMARY KEY (`id`)
) ENGINE=InnoDB AUTO_INCREMENT=105 DEFAULT CHARSET=utf8 COLLATE=utf8_unicode_ci;
/*!40101 SET character_set_client = @saved_cs_client */;

--
-- Dumping data for table `bank_account_number_rules`
--

LOCK TABLES `bank_account_number_rules` WRITE;
/*!40000 ALTER TABLE `bank_account_number_rules` DISABLE KEYS */;
INSERT INTO `bank_account_number_rules` VALUES (1,'Andorra',24,24,'iban','^[0-9a-zA-Z]{24}$','24 digits','Only 24 digit alphanumeric account number allowed','Yes'),(2,'Austria',20,20,'iban','^[0-9a-zA-Z]{20}$','20 digits','Only 20 digit alphanumeric account number allowed','Yes'),(3,'Belgium',16,16,'iban','^[0-9a-zA-Z]{16}$','16 digits','Only 16 digit alphanumeric account number allowed','Yes'),(4,'Bulgaria',22,22,'iban','^[0-9a-zA-Z]{22}$','22 digits','Only 22 digit alphanumeric account number allowed','Yes'),(5,'Croatia',21,21,'iban','^[0-9a-zA-Z]{21}$','21 digits','Only 21 digit alphanumeric account number allowed','Yes'),(6,'Cyprus',28,28,'iban','^[0-9a-zA-Z]{28}$','28 digits','Only 28 digit alphanumeric account number allowed','Yes'),(7,'Czech Republic',24,24,'iban','^[0-9a-zA-Z]{24}$','24 digits','Only 24 digit alphanumeric account number allowed','Yes'),(8,'Denmark',18,18,'iban','^[0-9a-zA-Z]{18}$','18 digits','Only 18 digit alphanumeric account number allowed','Yes'),(9,'Estonia',20,20,'iban','^[0-9a-zA-Z]{20}$','20 digits','Only 20 digit alphanumeric account number allowed','Yes'),(10,'Finland',18,18,'iban','^[0-9a-zA-Z]{18}$','18 digits','Only 18 digit alphanumeric account number allowed','Yes'),(11,'France',27,27,'iban','^[0-9a-zA-Z]{27}$','27 digits','Only 27 digit alphanumeric account number allowed','Yes'),(12,'Germany',22,22,'iban','^[0-9a-zA-Z]{22}$','22 digits','Only 22 digit alphanumeric account number allowed','Yes'),(13,'Gibraltar',23,23,'iban','^[0-9a-zA-Z]{23}$','23 digits','Only 23 digit alphanumeric account number allowed','Yes'),(14,'Greece',27,27,'iban','^[0-9a-zA-Z]{27}$','27 digits','Only 27 digit alphanumeric account number allowed','Yes'),(15,'Hungary',28,28,'iban','^[0-9a-zA-Z]{28}$','28 digits','Only 28 digit alphanumeric account number allowed','Yes'),(16,'Iceland',26,26,'iban','^[0-9a-zA-Z]{26}$','26 digits','Only 26 digit alphanumeric account number allowed','Yes'),(17,'Ireland',22,22,'iban','^[0-9a-zA-Z]{22}$','22 digits','Only 22 digit alphanumeric account number allowed','Yes'),(18,'Italy',27,27,'iban','^[0-9a-zA-Z]{27}$','27 digits','Only 27 digit alphanumeric account number allowed','Yes'),(19,'Latvia',21,21,'iban','^[0-9a-zA-Z]{21}$','21 digits','Only 21 digit alphanumeric account number allowed','Yes'),(20,'Liechtenstein',21,21,'iban','^[0-9a-zA-Z]{21}$','21 digits','Only 21 digit alphanumeric account number allowed','Yes'),(21,'Lithuania',20,20,'iban','^[0-9a-zA-Z]{20}$','20 digits','Only 20 digit alphanumeric account number allowed','Yes'),(22,'Luxembourg',20,20,'iban','^[0-9a-zA-Z]{20}$','20 digits','Only 20 digit alphanumeric account number allowed','Yes'),(23,'Malta',31,31,'iban','^[0-9a-zA-Z]{31}$','31 digits','Only 31 digit alphanumeric account number allowed','Yes'),(24,'Monaco',27,27,'iban','^[0-9a-zA-Z]{27}$','27 digits','Only 27 digit alphanumeric account number allowed','Yes'),(25,'Netherlands',18,18,'iban','^[0-9a-zA-Z]{18}$','18 digits','Only 18 digit alphanumeric account number allowed','Yes'),(26,'Norway',15,15,'iban','^[0-9a-zA-Z]{15}$','15 digits','Only 15 digit alphanumeric account number allowed','Yes'),(27,'Poland',28,28,'iban','^[0-9a-zA-Z]{28}$','28 digits','Only 28 digit alphanumeric account number allowed','Yes'),(28,'Portugal',25,25,'iban','^[0-9a-zA-Z]{25}$','25 digits','Only 25 digit alphanumeric account number allowed','Yes'),(29,'Romania',24,24,'iban','^[0-9a-zA-Z]{24}$','24 digits','Only 24 digit alphanumeric account number allowed','Yes'),(30,'Saint Marino',27,27,'iban','^[0-9a-zA-Z]{27}$','27 digits','Only 27 digit alphanumeric account number allowed','Yes'),(31,'Slovakia',24,24,'iban','^[0-9a-zA-Z]{24}$','24 digits','Only 24 digit alphanumeric account number allowed','Yes'),(32,'Slovenia',19,19,'iban','^[0-9a-zA-Z]{19}$','19 digits','Only 19 digit alphanumeric account number allowed','Yes'),(33,'Spain',34,34,'iban','^[0-9a-zA-Z]{34}$','34 digits','Only 34 digit alphanumeric account number allowed','Yes'),(34,'Sweden',24,24,'iban','^[0-9a-zA-Z]{24}$','24 digits','Only 24 digit alphanumeric account number allowed','Yes'),(35,'Switzerland',21,21,'iban','^[0-9a-zA-Z]{21}$','21 digits','Only 21 digit alphanumeric account number allowed','Yes'),(64,'Albania',28,28,'iban','^[0-9a-zA-Z]{28}$','28 digits','Only 28 digit alphanumeric account number allowed','No'),(65,'Azerbaijan',28,28,'iban','^[0-9a-zA-Z]{28}$','28 digits','Only 28 digit alphanumeric account number allowed','No'),(66,'Bahrain',22,22,'iban','^[0-9a-zA-Z]{22}$','22 digits','Only 22 digit alphanumeric account number allowed','No'),(67,'Faroe Islands',18,18,'iban','^[0-9a-zA-Z]{18}$','18 digits','Only 18 digit alphanumeric account number allowed','No'),(68,'Georgia',22,22,'iban','^[0-9a-zA-Z]{22}$','22 digits','Only 22 digit alphanumeric account number allowed','No'),(69,'Greenland',18,18,'iban','^[0-9a-zA-Z]{18}$','18 digits','Only 18 digit alphanumeric account number allowed','No'),(70,'Israel',23,23,'iban','^[0-9a-zA-Z]{23}$','23 digits','Only 23 digit alphanumeric account number allowed','No'),(71,'Jordan',30,30,'iban','^[0-9a-zA-Z]{30}$','30 digits','Only 30 digit alphanumeric account number allowed','No'),(72,'Kuwait',30,30,'iban','^[0-9a-zA-Z]{30}$','30 digits','Only 30 digit alphanumeric account number allowed','No'),(73,'Lebanon',28,28,'iban','^[0-9a-zA-Z]{28}$','28 digits','Only 28 digit alphanumeric account number allowed','No'),(74,'Mauritania',27,27,'iban','^[0-9a-zA-Z]{27}$','27 digits','Only 27 digit alphanumeric account number allowed','No'),(75,'Moldova',24,24,'iban','^[0-9a-zA-Z]{24}$','24 digits','Only 24 digit alphanumeric account number allowed','No'),(76,'Pakistan',24,24,'iban','^[0-9a-zA-Z]{24}$','24 digits','Only 24 digit alphanumeric account number allowed','No'),(77,'Palestine',29,29,'iban','^[0-9a-zA-Z]{29}$','29 digits','Only 29 digit alphanumeric account number allowed','No'),(78,'Qatar',29,29,'iban','^[0-9a-zA-Z]{29}$','29 digits','Only 29 digit alphanumeric account number allowed','No'),(79,'Saudi Arabia',24,24,'iban','^[0-9a-zA-Z]{24}$','24 digits','Only 24 digit alphanumeric account number allowed','No'),(80,'Tunisia',24,24,'iban','^[0-9a-zA-Z]{24}$','24 digits','Only 24 digit alphanumeric account number allowed','No'),(81,'Turkey',26,26,'iban','^[0-9a-zA-Z]{26}$','26 digits','Only 26 digit alphanumeric account number allowed','No'),(82,'UAE',23,23,'iban','^[0-9a-zA-Z]{23}$','23 digits','Only 23 digit alphanumeric account number allowed','No'),(95,'United States',3,17,'account_number','^[0-9]{3,17}$','3-17 digits','Only 3-17 digit numeric account number allowed',NULL),(96,'Canada',5,12,'account_number','^[0-9a-zA-Z]{5,12}$','5-12 digits','Only 5-12 digit alphanumeric account number allowed',NULL),(97,'United Kingdom',NULL,8,'account_number','^[0-9]{1,8}$','Max 8 digits','Max 8 digits numeric account number allowed',NULL),(98,'Australia',6,10,'account_number','^[0-9a-zA-Z]{6,10}$','6-10 digits','Only 6-10 digit alphanumeric account number allowed',NULL),(99,'New Zealand',10,10,'account_number','^[0-9]{10}$','10 digits','Only 10 digit numeric account number allowed',NULL),(100,'India',6,16,'account_number','^[0-9]{6,16}$','6-16 digits','Only 6-16 digit numeric account number allowed',NULL),(101,'Philippines',NULL,16,'account_number','^[0-9]{1,16}$','Max 16 digits','Max 16 digits numeric account number allowed',NULL),(102,'Mexico',18,18,'clabe','^[0-9]{18}$','18 digits','Only 18 digit numeric account number allowed',NULL),(103,'Japan',NULL,NULL,'account_number','',NULL,NULL,NULL),(104,'Malaysia',NULL,20,'account_number','^[0-9]{1,20}$','Max 20 digits','Max 20 digits numeric account number allowed',NULL);
/*!40000 ALTER TABLE `bank_account_number_rules` ENABLE KEYS */;
UNLOCK TABLES;

--
-- Table structure for table `business`
--

DROP TABLE IF EXISTS `business`;
/*!40101 SET @saved_cs_client     = @@character_set_client */;
/*!40101 SET character_set_client = utf8 */;
CREATE TABLE `business` (
  `id` int(11) NOT NULL AUTO_INCREMENT,
  `user_id` int(11) DEFAULT NULL,
  `name` varchar(500) DEFAULT NULL,
  `country` varchar(500) DEFAULT NULL,
  `address_one` varchar(500) DEFAULT NULL,
  `address_two` varchar(500) DEFAULT NULL,
  `city` varchar(500) DEFAULT NULL,
  `state` varchar(500) DEFAULT NULL,
  `postal` varchar(500) DEFAULT NULL,
  PRIMARY KEY (`id`),
  KEY `b_fk_user_id_idx` (`user_id`),
  CONSTRAINT `b_fk_user_id` FOREIGN KEY (`user_id`) REFERENCES `users` (`id`) ON DELETE CASCADE ON UPDATE CASCADE
) ENGINE=InnoDB AUTO_INCREMENT=86 DEFAULT CHARSET=latin1;
/*!40101 SET character_set_client = @saved_cs_client */;

--
-- Dumping data for table `business`
--

LOCK TABLES `business` WRITE;
/*!40000 ALTER TABLE `business` DISABLE KEYS */;
/*!40000 ALTER TABLE `business` ENABLE KEYS */;
UNLOCK TABLES;

--
-- Table structure for table `cards`
--

DROP TABLE IF EXISTS `cards`;
/*!40101 SET @saved_cs_client     = @@character_set_client */;
/*!40101 SET character_set_client = utf8 */;
CREATE TABLE `cards` (
  `id` int(11) NOT NULL AUTO_INCREMENT,
  `user_id` int(11) DEFAULT NULL,
  `type` varchar(45) DEFAULT NULL,
  `card_number` varchar(20) DEFAULT NULL,
  `expiry` varchar(500) DEFAULT NULL,
  `security_code` varchar(45) DEFAULT NULL,
  `name` varchar(200) DEFAULT NULL,
  `address_one` varchar(1000) DEFAULT NULL,
  `address_two` varchar(1000) DEFAULT NULL,
  `city` varchar(200) DEFAULT NULL,
  `state` varchar(200) DEFAULT NULL,
  `country` varchar(200) DEFAULT NULL,
  `postal` varchar(45) DEFAULT NULL,
  `card_statement_img` varchar(255) DEFAULT NULL,
  `card_front_img` varchar(255) DEFAULT NULL,
  `card_front_original_name` varchar(255) NOT NULL,
  `card_front_size` varchar(255) NOT NULL,
  `card_back_img` varchar(255) DEFAULT NULL,
  `card_back_original_name` varchar(255) NOT NULL,
  `card_back_size` varchar(255) NOT NULL,
  `status` varchar(255) DEFAULT NULL COMMENT '1=removed ,2=active,3=notactive',
  `pan_card_number` varchar(100) NOT NULL,
  `id_type` varchar(50) NOT NULL,
  `id_number` varchar(50) NOT NULL,
  `expiry_date` date NOT NULL,
  `issuing_authority` varchar(255) NOT NULL,
  `photo_id` varchar(100) NOT NULL,
  `photo_name` varchar(100) NOT NULL,
  `photo_size` varchar(255) NOT NULL,
  `is_removed` tinyint(1) NOT NULL,
  `admin_delete` int(11) NOT NULL,
  `create_date` timestamp NOT NULL DEFAULT CURRENT_TIMESTAMP,
  PRIMARY KEY (`id`),
  UNIQUE KEY `card_number` (`card_number`),
  KEY `cards_user_id_fk_idx` (`user_id`),
  CONSTRAINT `cards_fk` FOREIGN KEY (`user_id`) REFERENCES `users` (`id`) ON DELETE CASCADE ON UPDATE CASCADE
) ENGINE=InnoDB AUTO_INCREMENT=93 DEFAULT CHARSET=latin1;
/*!40101 SET character_set_client = @saved_cs_client */;

--
-- Dumping data for table `cards`
--

LOCK TABLES `cards` WRITE;
/*!40000 ALTER TABLE `cards` DISABLE KEYS */;
INSERT INTO `cards` VALUES (23,107,'MasterCard','5102180060039126','9/2020','997','adrian stefirta','6, Dacia blvd','59','Chisinau',NULL,'Moldova, Republic of','2038',NULL,NULL,'','',NULL,'','','3','','','','0000-00-00','','','','',0,0,'2016-11-10 00:48:44'),(24,108,'Visa','4847010001325990','5/2019','055','Edgar Khachatryan','Savoyan 224/343',NULL,'Gyumri',NULL,'Armenia','3108',NULL,NULL,'','',NULL,'','','3','','','','0000-00-00','','','','',0,0,'2016-11-10 00:48:44'),(25,112,'Visa','4138592201669374','12/2016','622','Narmina Aliyeva','Sh.Azizbayov 88A',NULL,'Baku',NULL,'Azerbaijan','AZ1009',NULL,NULL,'','',NULL,'','','3','','','','0000-00-00','','','','',0,0,'2016-11-10 00:48:44'),(26,109,'Visa','4921829725215255','8/2018','371','G. Bulbeck Schneiderman','Mansilla 3493',NULL,'Buenos Aires',NULL,'Argentina','01425',NULL,NULL,'','',NULL,'','','3','','','','0000-00-00','','','','',0,0,'2016-11-10 00:48:44'),(27,111,'MasterCard','5402054546428012','12/2019','308','Piotr Lugowski','Riviera del Sol 9a fase.Urb.Zayas de Riviera.c/de los Compositores casa 28',NULL,'Mijas Costa (Malaga)',NULL,'Spain','29649',NULL,NULL,'','',NULL,'','','3','','','','0000-00-00','','','','',0,0,'2016-11-10 00:48:44'),(28,111,'MasterCard','5200467562694230','9/2020','617','Piotr Lugowski','Prymasa Tysiaclecia 97/14',NULL,'Warszawa',NULL,'Poland','01-424',NULL,NULL,'','',NULL,'','','3','','','','0000-00-00','','','','',0,0,'2016-11-10 00:48:44'),(29,111,'Visa','4382621000000730','1/2019','022','Piotr Lugowski','7925 Lake Mabel Loop Rd',NULL,'Lake Wales',NULL,'United States','33898',NULL,NULL,'','',NULL,'','','3','','','','0000-00-00','','','','',0,0,'2016-11-10 00:48:44'),(30,119,'Visa','4539783210692219','7/2018','526','Ilaria Castelli','12 new priory court',NULL,'london',NULL,'United Kingdom','nw64lt',NULL,NULL,'','',NULL,'','','3','','','','0000-00-00','','','','',0,0,'2016-11-10 00:48:44'),(31,118,'MasterCard','5167950001629991','3/2019','195','Martina Triaca','Via D\'Avalos 22',NULL,'Vigevano',NULL,'Italy','27029',NULL,NULL,'','',NULL,'','','3','','','','0000-00-00','','','','',0,0,'2016-11-10 00:48:44'),(32,123,'Visa','4935920146319158','1/2019','706','Chiara Petrucci','Via N. Tommaseo 16',NULL,'Livorno',NULL,'Italy','57121',NULL,NULL,'','',NULL,'','','3','','','','0000-00-00','','','','',0,0,'2016-11-10 00:48:44'),(33,99,'MasterCard','5300721119760624','4/2019','532','AHMED ALGELANY','Giza',NULL,'Giza',NULL,'Egypt','-',NULL,NULL,'','',NULL,'','','3','','','','0000-00-00','','','','',0,0,'2016-11-10 00:48:44'),(34,103,'Visa','4826602815297804','9/2030','094','khfsrtfy kjihudtdh','khjfddyu bhvftyui',NULL,'danish',NULL,'Denmark','9320',NULL,NULL,'','',NULL,'','','3','','','','0000-00-00','','','','',0,0,'2016-11-17 14:19:04'),(35,102,'Visa','4862609712743985','9/2036','967','TEST CARD','TEST ad',NULL,'Test ct',NULL,'Montserrat','47389',NULL,NULL,'','',NULL,'','','3','','','','0000-00-00','','','','',0,0,'2016-11-18 09:19:39'),(36,114,'Visa','4837507824710838','12/2030','496','Test card','test street',NULL,'test city',NULL,'Romania','test',NULL,NULL,'','',NULL,'','','3','','','','0000-00-00','','','','',0,0,'2016-11-18 16:32:52'),(37,114,'Visa','4629703108283405','12/2032','730','KJJUDS','GOUIJJ 78',NULL,'      ULOSGEET',NULL,'United Kingdom','633908',NULL,NULL,'','',NULL,'','','3','','','','0000-00-00','','','','',0,0,'2016-11-19 10:19:46'),(38,103,'Visa','4973601284285974','5/2031','936','kjhg ghj','hjpol',NULL,'kotscd',NULL,'Angola','76085',NULL,NULL,'','',NULL,'','','3','','','','0000-00-00','','','','',0,0,'2016-11-19 15:30:15');
/*!40000 ALTER TABLE `cards` ENABLE KEYS */;
UNLOCK TABLES;

--
-- Table structure for table `commands`
--

DROP TABLE IF EXISTS `commands`;
/*!40101 SET @saved_cs_client     = @@character_set_client */;
/*!40101 SET character_set_client = utf8 */;
CREATE TABLE `commands` (
  `id` int(10) unsigned NOT NULL AUTO_INCREMENT,
  `name` varchar(250) COLLATE utf8_unicode_ci NOT NULL,
  `value` varchar(250) COLLATE utf8_unicode_ci NOT NULL,
  `created_at` timestamp NULL DEFAULT NULL,
  `updated_at` timestamp NULL DEFAULT NULL,
  PRIMARY KEY (`id`)
) ENGINE=InnoDB AUTO_INCREMENT=7 DEFAULT CHARSET=utf8 COLLATE=utf8_unicode_ci;
/*!40101 SET character_set_client = @saved_cs_client */;

--
-- Dumping data for table `commands`
--

LOCK TABLES `commands` WRITE;
/*!40000 ALTER TABLE `commands` DISABLE KEYS */;
INSERT INTO `commands` VALUES (1,'Account page','1414','2016-11-07 13:18:46','2017-02-06 03:16:07'),(2,'Archived accounts page','123','2016-11-08 16:03:46','2016-11-08 16:03:48'),(3,'Archived cards page','111','2016-11-08 16:39:26','2016-11-08 16:39:28'),(4,'Archived account page','222','2016-11-08 17:40:31','2016-11-08 17:40:33'),(5,'Archived card page','333','2016-11-08 17:44:28','2016-11-08 17:44:30'),(6,'Card page','12','2016-11-08 17:44:42','2016-12-27 12:31:06');
/*!40000 ALTER TABLE `commands` ENABLE KEYS */;
UNLOCK TABLES;

--
-- Table structure for table `contactus`
--

DROP TABLE IF EXISTS `contactus`;
/*!40101 SET @saved_cs_client     = @@character_set_client */;
/*!40101 SET character_set_client = utf8 */;
CREATE TABLE `contactus` (
  `id` int(11) NOT NULL AUTO_INCREMENT,
  `user_id` int(11) NOT NULL,
  `name` varchar(255) NOT NULL,
  `email` varchar(255) NOT NULL,
  `dob` date NOT NULL,
  `service_provider` varchar(255) NOT NULL,
  `subject` varchar(255) NOT NULL,
  `message` mediumtext NOT NULL,
  `status` int(11) NOT NULL,
  `created` datetime NOT NULL,
  PRIMARY KEY (`id`)
) ENGINE=InnoDB AUTO_INCREMENT=287 DEFAULT CHARSET=latin1;
/*!40101 SET character_set_client = @saved_cs_client */;

--
-- Dumping data for table `contactus`
--

LOCK TABLES `contactus` WRITE;
/*!40000 ALTER TABLE `contactus` DISABLE KEYS */;
INSERT INTO `contactus` VALUES (1,7,'','sachin.sharma@it7solutions.com','0000-00-00','test','test','test',1,'2016-08-24 09:58:49'),(2,0,'test test','test@gmail.com','0000-00-00','test','test','hi test',1,'2016-08-24 10:05:47'),(3,0,'test test','test@gmail.com','0000-00-00','test','test','hi test',1,'2016-08-24 10:09:44'),(4,7,'','sachin.sharma@it7solutions.com','0000-00-00','test','test','hi',1,'2016-08-24 10:21:57'),(5,7,'','sachin.sharma@it7solutions.com','0000-00-00','test','test','hi',1,'2016-08-24 11:02:01'),(6,0,'naval kshor','test@gmail.com','0000-00-00','naval','test','dsfsdafsdaf',1,'2016-08-24 12:47:31'),(7,0,'naval test','test123@gmail.com','0000-00-00','12','12','dfsdaf',1,'2016-08-24 12:49:27'),(8,0,'test test','test@gmail.com','0000-00-00','test','test','test',1,'2016-08-25 06:05:58'),(9,0,'test test','test@gmail.com','0000-00-00','test','test','test',1,'2016-08-25 06:40:42'),(10,0,'naval test','test@gmail.com','0000-00-00','test','test','dfgg',1,'2016-08-25 06:46:55'),(11,0,'final test final test','naval@it7solutions.com','0000-00-00','test','test','hi sir',1,'2016-08-25 06:53:31'),(12,0,'final test test','navalkishor2005@gmail.com','0000-00-00','test','test','test test',1,'2016-08-25 06:59:08'),(13,0,'naval kshor','navalkishor2005@gmail.com','0000-00-00','naval','test','asdf ',1,'2016-08-25 07:53:43'),(14,0,'test test','navalkishor2005@gmail.com','0000-00-00','test','test','fdasdf',1,'2016-08-25 07:57:59'),(15,0,'test test','navalkishor2005@gmail.com','0000-00-00','test','test','fdasdf',1,'2016-08-25 07:59:00'),(16,0,'naval test','naval.kishor02@gmail.com','0000-00-00','test','test','test',1,'2016-08-25 08:01:04'),(17,0,'naval test','naval.kishor02@gmail.com','0000-00-00','test','test','test',1,'2016-08-25 08:02:12'),(18,0,'Thomas M. Campbell','thomasmcampbell01@gmail.com','0000-00-00','ISP','Test problems','Hello support team.',1,'2016-08-30 03:13:57'),(19,0,'test test','test@gmail.com','0000-00-00','test','test','hi testing !',1,'2016-08-31 05:59:04'),(20,22,'','mail4umesh07@gmail.com','0000-00-00','sdsdsd','sdsdsdd','sdsd',1,'2016-09-01 06:46:35'),(21,7,'sachin bname','sachin.sharma@it7solutions.com','0000-00-00','12','test','hi submit a test support ticket',1,'2016-09-02 06:14:08'),(22,0,'Thomas Campbell','thomasmcampbell01@gmail.com','0000-00-00','THOMAS ISP','API integration','How can I proceed to Payments Hub API integration in my website.',1,'2016-09-04 08:54:33'),(23,33,'Thomas&nbsp;M.&nbsp;Campbell','thomasmcampbell13@yandex.com','0000-00-00','Wosld ISP','Red Class','My Exvilos 396',1,'2016-09-04 09:21:15'),(24,0,'Thomas Campbell','thomasmcampbell01@gmail.com','0000-00-00','Not applicable','Hi, Clock','This is the ma45 3or you to maindix',1,'2016-09-04 09:29:18'),(25,0,'Thomas Campbell','thomasmcampbell01@gmail.com','0000-00-00','MPISP','My Land','Hi, friends,',1,'2016-09-04 11:14:54'),(26,6,'Naman Inc.','naman@it7solutions.com','0000-00-00','','test ','test ',1,'2016-09-06 12:59:32'),(27,0,'testtt test','test@gmail.com','0000-00-00','','test','hi test',1,'2016-09-07 10:04:06'),(28,0,'test test','test@gmial.com','0000-00-00','','kishor','hi test',1,'2016-09-07 10:06:20'),(29,0,'naval kshor','ksihor@gmail.com','0000-00-00','','kishor','test',1,'2016-09-07 10:08:15'),(30,0,'naval test','test@gmail.com','0000-00-00','','test','hi  test',1,'2016-09-07 10:11:09'),(31,0,'naval test','navalkishor2005@gmail.com','0000-00-00','','test','hi test',1,'2016-09-07 10:12:43'),(32,0,'rakesh kumar','rakesh@it7solutions.com','0000-00-00','','ticket','Lorem Ipsum',1,'2016-09-07 10:44:22'),(33,0,'rakesh kumar','rakesh@it7solutions.com','0000-00-00','','ticket','Lorem Ipsum',1,'2016-09-07 10:46:28'),(34,0,'rakesh wwww','rakesh123@it7solutions.com','0000-00-00','','test','Hi',1,'2016-09-07 10:48:00'),(35,0,'et test','test@gmail.com','0000-00-00','','test','sdf f',1,'2016-09-07 10:57:57'),(36,0,'test test','test@gmail.com','0000-00-00','','test','hi test',1,'2016-09-07 11:22:28'),(37,0,'final test test','test@123.com','0000-00-00','','test','test without attachment',1,'2016-09-07 11:22:57'),(38,0,'Naman Attri','namanattri5@gmail.com','0000-00-00','','Test Ticket','This is test message',1,'2016-09-07 02:23:22'),(39,0,'Naman Attri','naman@it7solutions.com','0000-00-00','','Test Ticket','test',1,'2016-09-07 02:34:20'),(40,0,'Naman Attri','naman@it7solutions.com','0000-00-00','','Test Ticket','Test',1,'2016-09-07 02:34:43'),(41,0,'Naman Attri','naman@it7solutions.com','0000-00-00','','Test Ticket','Test',1,'2016-09-07 02:37:40'),(42,0,'Naman Attri','naman@it7solutions.com','0000-00-00','','Test Ticket','Test',1,'2016-09-07 02:44:27'),(43,0,'Naman Attri','naman@it7solutions.com','0000-00-00','','Test Ticket','Test',1,'2016-09-07 02:46:58'),(44,0,'Naman Attri','naman@it7solutions.com','0000-00-00','','Test Ticket','Test',1,'2016-09-07 02:50:32'),(45,0,'Naman Attri','naman@it7solutions.com','0000-00-00','','Test Ticket','Test',1,'2016-09-07 02:53:56'),(46,0,'Naman Attri','naman@it7solutions.com','0000-00-00','','Test Ticket','Test',1,'2016-09-07 03:00:42'),(47,6,'Naman Inc.','naman@it7solutions.com','0000-00-00','','test','test',1,'2016-09-09 01:46:12'),(48,6,'Naman Inc.','naman@it7solutions.com','0000-00-00','','test','test',1,'2016-09-09 01:49:57'),(49,6,'Naman Inc.','naman@it7solutions.com','0000-00-00','','rakesh','testing the ticket',1,'2016-09-09 01:51:36'),(50,6,'Naman Inc.','naman@it7solutions.com','0000-00-00','','test','test',1,'2016-09-09 02:03:08'),(51,0,'Thomas Campbell','thomasmcampbell01@gmail.com','0000-00-00','','Hi, SUPPORT AGENTS','Testing system',1,'2016-09-13 02:20:17'),(52,0,'Hans Kiener','hanskiener02@yandex.com','0000-00-00','','Quick Testing','2nd test for mails',1,'2016-09-13 02:27:42'),(53,0,'test teste','test@gmail.com','0000-00-00','','test','test',1,'2016-09-15 01:42:23'),(54,0,'Narmina Aliyeva','a_narmina@hotmail.com','0000-00-00','','Problem with the Card Authentication','Dear All,\r\n\r\nI have registered on Payments Hub 2 days ago. From that time, I am trying to Verify Account and register a card there. After adding the card details, I come to the page \"Authenticate Card\". Here I try to upload either my ID card photo, or my passport photo, but every time I receive a message \"The Photo Id Field Is Required\". However, all the ID card and the passport has photo on it. \r\n\r\nCan you help me with this issue? How can I upload the ID document and verify my account?\r\n\r\nThanks in advance. \r\n\r\nKind regards,\r\nNarmina Aliyeva',1,'2016-10-08 05:28:59'),(55,105,'Alberto&nbsp;&nbsp;Masini','albertomasininl@gmail.com','0000-00-00','','Withdraw money','Hi, I had money on Payments Hub and I  have made a withdraw to my Italian bank account some minutes ago. I would like to know more or less in how many days I should expect to see the money in my bank account. Thank you.',1,'2016-10-09 09:17:15'),(56,100,'Jelmer Alexander&nbsp;de&nbsp;Kok','dkokja@gmail.com','0000-00-00','','Get Verified','Hello, \r\n\r\nI can not get verified. I try to upload the document I am asked for but when I click \"save\" a denied window comes up.\r\n\r\nHow can I get verified? Thanks',1,'2016-10-09 09:23:20'),(57,111,'Piotr&nbsp;T&nbsp;Lugowski','silvermint999@gmail.com','0000-00-00','','Documents','I\'ve tried to upload the verification documents and alway appear the error page. How can I edit the bank account ?',1,'2016-10-09 09:29:11'),(58,105,'Alberto&nbsp;&nbsp;Masini','albertomasininl@gmail.com','0000-00-00','','Cancellation of withdraw','Hi I would like to cancel my withdraw. Please contact me soon.',1,'2016-10-09 10:35:09'),(59,102,'Ekaterina&nbsp;&nbsp;Varivoda','katevarivoda@gmail.com','0000-00-00','','bank account','Hello! I can\'t input my SWIFT bank account (AKBBBY2X) it is written that Only alphanumeric characters allowed.  My bank is in Belarus. Furthermore, could I withdraw money to my credit card?  ',1,'2016-10-09 10:48:18'),(60,0,'Ahmed Algelany','ahmedelgilany@yahoo.com','0000-00-00','','How many days or hours to get it deposited in my bank account?','Today, i withdrew an amount to my bank account. Please, how many days or hours to get it deposited in my bank account?',1,'2016-10-09 10:54:19'),(61,111,'Piotr&nbsp;T&nbsp;Lugowski','silvermint999@gmail.com','0000-00-00','','Verification  documents and bank account','I am sending you verification documents. Please remove all bank accounts your\'s\r\nsystem do not put them correctly. I am sending the bank statement too.',1,'2016-10-09 06:13:47'),(62,100,'Jelmer Alexander&nbsp;de&nbsp;Kok','dkokja@gmail.com','0000-00-00','','Get verified','hello I am Jelmer de Kok again. I still have problems to get verified so attach are the documents. Thanks',1,'2016-10-09 06:52:05'),(63,117,'Patricia&nbsp;&nbsp;Vasconcellos','pcvasconcellos22@gmail.com','0000-00-00','','Returning Money','Hi.\r\nI received a payment and I want to return it, please.',1,'2016-10-09 07:39:31'),(64,117,'Patricia&nbsp;&nbsp;Vasconcellos','pcvasconcellos22@gmail.com','0000-00-00','','Delete account','I would like to delete my account from this website, please.',1,'2016-10-09 10:20:16'),(65,111,'Piotr&nbsp;T&nbsp;Lugowski','silvermint999@gmail.com','0000-00-00','','Credit Cards scans . Bank accounts ','I am sending you scans of credit cards. Can I send money to my credit cards ? Bank accounts ,which bank accounts I can use Europian or US?',1,'2016-10-10 06:48:10'),(66,102,'Ekaterina&nbsp;&nbsp;Varivoda','katevarivoda@gmail.com','0000-00-00','','bank account','Hello! I have submitted account info for withdrawal. In order you get everything right, please check full data here once again (we have some additional info to be added in my country):\r\n\r\nBeneficiary:\r\nEkaterina Varivoda\r\nPassport MP3292839   -- need to be added!\r\nPlatonova street, 33-125, Minsk, Belarus\r\n\r\nBeneficiarybank:\r\nBELARUSBANK \r\n18, DZERZHINSKI AVE\r\nMINSK 220089, BELARUS \r\nSWIFT: AKBBBY2X \r\nChips UID: 319348\r\n\r\nCorrespondent bank:\r\nCITIBANK N.A., NEW YORK\r\nSWIFT: CITIUS33\r\nAccount: 36316365\r\n\r\nThank you! Please send this message to your assigned department.',1,'2016-10-10 07:48:54'),(67,100,'Jelmer Alexander&nbsp;de&nbsp;Kok','dkokja@gmail.com','0000-00-00','','Withdraw','Hello my name is Jelmer de Kok and I would like to know how much time does a withdraw order keep \"under proccessing\"?. Also, I have linked a bank account and my account status is now verified, so, have I done everything right so that I can receive the money I have withdrawed ? Thanks.',1,'2016-10-10 08:50:57'),(68,119,'Ilaria&nbsp;&nbsp;Castelli','iaia.castelli@gmail.com','0000-00-00','','upload documents','Hello, I need to open an account but I cannot upload my documents, could you help?',1,'2016-10-10 10:30:56'),(69,117,'Patricia&nbsp;&nbsp;Vasconcellos','pcvasconcellos22@gmail.com','0000-00-00','','I want to close this account','Please, close my account. I know there are funds of $0,02 in it, but I can\'t do anything to them. I don\'t care, just close my account.',1,'2016-10-10 04:26:55'),(70,120,'Maria&nbsp;&nbsp;Vayman','maria.vaiman@gmail.com','0000-00-00','','Add a card','Hello. I\'m going to use the service, I have visa card, russian bank VTB24. It\'s multy visa, so I can keep there rubles, dollars and euro. Is it possible to ad this card? Are there going to be a fee for using it? And if it\'s possible to recieve dollar or it\'s going to exchange it into rubles automaticaly according to the rates of the bank? Thank you!',1,'2016-10-10 05:05:21'),(71,121,'Tony&nbsp;&nbsp;Bobo','tony.bobo@hotmail.fr','0000-00-00','','change nationality','Hi,\r\n\r\nI\'m French, living actually in Argentina. Creating my account I mistakenly set my nationality as Argentinian. I\'m now asked to contact you in order to make this change.\r\n\r\nWhat are the required steps to change the nationality on my account?\r\n\r\nThanks\r\n\r\nTony',1,'2016-10-10 05:11:14'),(72,111,'Piotr&nbsp;T&nbsp;Lugowski','silvermint999@gmail.com','0000-00-00','','Bank Account','You sent this answer for my e-mail \"About bank withdrawal, you can withdraw money to European banks only. You need to have IBAN. After you add a bank account, you will see the last 4 digits of the IBAN in \"Bank accounts\" page. Rest digits will be masked for security reasons. Once you have added a bank account by entering IBAN, you can withdraw money to that bank account.\" Ones more the problem is that your\'s system doesn\'t record all numbers from my account. The last four digits which show your\'s system is not the last but middle one in first my bank account and when I delete the spaces between the each four numbers showed only not the last four digits but before last four digits. Maybe I don\'t understand how I should put IBAN number to space for a bank account. Please explain me? I sent you my statement and there is IBAN number of my bank account. Maybe you can put it the way should be.\r\n\r\n',1,'2016-10-10 06:39:43'),(73,109,'Gillian&nbsp;&nbsp;Bulbeck Schneiderman','gillian_bulbeck@hotmail.com','0000-00-00','','Ref verifying documents','In order to use funds which my clients pay to me via Payments Hub I plan on transferring funds over to my debit card.. I understand that in order to do this, you require a copy of my passport .. which since it is in Spanish, you need the passport to be translated.. My question is Do you need the translation to be done by a certified translator and/or verified by a lawyer .. ',1,'2016-10-10 07:55:58'),(74,120,'Maria&nbsp;&nbsp;Vayman','maria.vaiman@gmail.com','0000-00-00','','Adding a cart or account','Hello. I have a russian bank cart with the option of multy currency. As far as I understand it\'s easier to add a bank account. But what\'s the difference if I add a card and if I add an account? So, what I need is to draw money to my account so I can use them. Thank you!',1,'2016-10-11 06:56:12'),(75,119,'Ilaria&nbsp;&nbsp;Castelli','iaia.castelli@gmail.com','0000-00-00','','Verify account','Hello Dear, as requested in the email, I attach the pictures here.\r\n\r\nLet me know\r\n\r\nIlaria',1,'2016-10-11 08:55:00'),(76,111,'Piotr&nbsp;T&nbsp;Lugowski','silvermint999@gmail.com','0000-00-00','','Transfer European Bank','How long takes a transfer to European Bank ?',1,'2016-10-11 10:40:19'),(77,109,'Gillian&nbsp;&nbsp;Bulbeck Schneiderman','gillian_bulbeck@hotmail.com','0000-00-00','','Follow up','Yesterday I sent you a support ticket requesting help regarding exact requirements to verify my card .. to be precise what is you need regarding translation of passport .. AS YET NO ANSWER .. This is urgent ',1,'2016-10-11 02:57:37'),(78,120,'Maria&nbsp;&nbsp;Vayman','maria.vaiman@gmail.com','0000-00-00','','Add a card','Hello!\r\n\r\nI\'d like to add a card to withdraw the money. It\'s Russian bank card, VTB24, the photos of front and back side and the photo of my pasport are attached.\r\n\r\nCould you please tell me if I can add an acoount if my bank doesn\'t use IBAN?\r\n\r\nCould you please advice when the process of veryfication will be finished and when can I withdraw the money?\r\n\r\nThank you!\r\n\r\nKind regards,\r\nMaria',1,'2016-10-12 07:07:00'),(79,120,'Maria&nbsp;&nbsp;Vayman','maria.vaiman@gmail.com','0000-00-00','','Add a card','Hello!\r\n\r\nI\'d like to add a card to withdraw the money. It\'s Russian bank card, VTB24, the photos of front and back side and the photo of my pasport are attached.\r\n\r\nCould you please tell me if I can add an acoount if my bank doesn\'t use IBAN?\r\n\r\nCould you please advice when the process of veryfication will be finished and when can I withdraw the money?\r\n\r\nThank you!\r\n\r\nKind regards,\r\nMaria',1,'2016-10-12 07:10:34'),(80,120,'Maria&nbsp;&nbsp;Vayman','maria.vaiman@gmail.com','0000-00-00','','Add a card','Hello!\r\n\r\nI\'d like to add a card to withdraw the money. It\'s Russian bank card, VTB24, I\'m trying to attache the photos of front and back side and the photo of my passport? but then something goes wrong and I can\'t submit the ticket. Is there any other way to send it? I try now with one attachement\r\nCould you please tell me if I can add an acoount if my bank doesn\'t use IBAN?\r\n\r\nCould you please advice when the process of veryfication will be finished and when can I withdraw the money?\r\n\r\nThank you!\r\n\r\nKind regards,\r\nMaria',1,'2016-10-12 07:12:56'),(81,120,'Maria&nbsp;&nbsp;Vayman','maria.vaiman@gmail.com','0000-00-00','','Add a card','Hello!\r\n\r\nI need to add a card to withdraw the money. I\'ve been told that it should be verifyied. So here are the photos of the passport and the card. Could you please advice what should I do now, when and how should I add my card?\r\n\r\nThank you',1,'2016-10-12 09:17:59'),(82,120,'Maria&nbsp;&nbsp;Vayman','maria.vaiman@gmail.com','0000-00-00','','Add a card (part 1)','Hello!\r\n\r\nI need to add a card to withdraw the money. I\'ve been told that it should be verifyied. So here are the photos of the passport and the card. Could you please advice what should I do now, when and how should I add my card?\r\n\r\nI can\'t send you all the 3 docs at once, so I send you three times.\r\n\r\nThank you',1,'2016-10-12 09:19:50'),(83,120,'Maria&nbsp;&nbsp;Vayman','maria.vaiman@gmail.com','0000-00-00','','Add a card (part 2)','Hello!\r\n\r\nI need to add a card to withdraw the money. I\'ve been told that it should be verifyied. So here are the photos of the passport and the card. Could you please advice what should I do now, when and how should I add my card?\r\n\r\nI can\'t send you all the 3 docs at once, so I send you three times.\r\n\r\nThank you',1,'2016-10-12 09:20:36'),(84,99,'Ahmed&nbsp;Algelany&nbsp;Abdulmageed','ahmedelgilany@yahoo.com','0000-00-00','','How many days or hours taken to get my money transferred into my bank account?','Dear Mr. ........\r\nHow many days taken to get my money transferred into my bank account? Knowing that i transferred an amount from my account on Payments Hub to my local bank here in Egypt.\r\nThanks,\r\nMr. Ahmed Algelany',1,'2016-10-12 09:39:08'),(85,108,'Edgar&nbsp;&nbsp;Khachatryan','edgkhachatryan@mail.ru','0000-00-00','','Account verification issue','Hi,I\'m trying to add national ID card to my account,but it shows an error.How can you help me?Here is the screenshot of an error.',1,'2016-10-12 07:42:28'),(86,113,'Roberto&nbsp;&nbsp;Popolizio','popocdc@gmail.com','0000-00-00','','closing account','I would like to close my account on Payments Hub. How do I do that?',1,'2016-10-13 08:15:58'),(87,113,'Roberto&nbsp;&nbsp;Popolizio','popocdc@gmail.com','0000-00-00','','closing account','Hi,\r\n\r\nI want to close my account cause I don\'t need it anymore. Can you do that for me?\r\n\r\nCheers',1,'2016-10-13 08:43:19'),(88,108,'Edgar&nbsp;&nbsp;Khachatryan','edgkhachatryan@mail.ru','0000-00-00','','Account verification issue','Hi,I\'m writing you again to inform you,that when I\'m trying to  verify my national ID card it shows an error.Here is screenshot of the error.',1,'2016-10-13 11:03:03'),(89,99,'Ahmed&nbsp;Algelany&nbsp;Abdulmageed','ahmedelgilany@yahoo.com','0000-00-00','','Withdrawal of an amount to my bank - Transaction No.  NGCIHM5YIACAKFT3P0D1 ','Dear M/S Payments Hub,\r\nGreetings!\r\nI\'d like to inform you that i withdrew an amount to my bank herein Egypt. Transaction No. ( NGCIHM5YIACAKFT3P0D1 ) since 09 / 10 / 2016, but is still not transferred yet. Could you tell me which time it will be deposited in my bank account?\r\nThanks,\r\nMr. Ahmed Algelany',1,'2016-10-14 06:46:53'),(90,120,'Maria&nbsp;&nbsp;Vayman','maria.vaiman@gmail.com','0000-00-00','','Add a card','Hello!\r\n\r\nI need to withdraw the money. It\'s quite urgent. I have Russian bank card, so you wrote me that you have to verify it. I\'ve already sent photo of my passport and front and back of my card. But you didn\'t recieve. I try once again.\r\n\r\nIs there any other way to send it? Can I add my account? Bank is Russian so we don\'t have iban. Is it still possible?\r\n\r\nI need you help, it\'s urgent - to withdraw money using the quickest way.\r\n\r\nThank you!',1,'2016-10-14 12:00:04'),(91,120,'Maria&nbsp;&nbsp;Vayman','maria.vaiman@gmail.com','0000-00-00','','Add an account','Hello!\r\n\r\nI\'m trying to find better solution to withdraw money. I have account in Russian bank, there is no IBAN there, only swift. Is it possible to add my account?\r\n\r\nThank you!',1,'2016-10-14 12:10:42'),(92,0,'Test Name','testing@gmail.com','0000-00-00','','T tick','Subdiscount is 45 cents.',1,'2016-10-14 03:17:06'),(93,97,'Halvar&nbsp;&nbsp;Karin','halvarkarin1@yandex.com','0000-00-00','','Perls test','Original or not.',1,'2016-10-14 03:44:12'),(94,0,'Edgar Khachatryan','edgkhachatryan@mail.ru','0000-00-00','','Account verification issue','When I\'m trying to upload my national ID card photo,it shows an error.Here is the screenshot of the error.',1,'2016-10-14 09:48:33'),(95,109,'Gillian&nbsp;&nbsp;Bulbeck Schneiderman','gillian_bulbeck@hotmail.com','0000-00-00','','verificacion of card ..','I am attaching to this support ticket the documents you require to validate my card .. You will note that since my passport is from Spain, it is not only in Spanish but also in English .. hence I hope you will agree that it is not necessary to get the passport translated officially',1,'2016-10-14 11:59:48'),(96,0,'Edgar Khachatryan','edgkhachatryan50@gmail.com','0000-00-00','','visa card verification issue','Hi, I cant verify my visa card,when I\'m trying to add national ID card and visa card scans it shows an error.The format of files is .jpg.Here is the screenshot of the error.My account email is edgkhachatryan@mail.ru.I\'m adding photos of national ID card and visa card. ',1,'2016-10-15 04:16:02'),(97,109,'Gillian&nbsp;&nbsp;Bulbeck Schneiderman','gillian_bulbeck@hotmail.com','0000-00-00','','verification of documents in order to verificar card','I have already sent a support ticket which included copy of my passport together with a copy of my card .. I subsequently received a mail from client support regarding the documents which I had sent, stating the following\r\n\r\nTT SEEMS YOU SENT US THE COVER OF YOUR PASSPORT .. PLEASE SEND FRONT PAGE (FULL SIZE BOTH PAGES) OF PASSPORT WITH PHOTO... this is incorrect .. the person concerned did not scroll down because the first 5/6 pages of my passport is included \r\n..\r\n\r\nABOUT THE SCAN/PHOTO OF YOUR CARD... PLEASE SEND THE BACK OF THE CARD.. Again the person in client support who looked at this ticket, did not scroll down because both sides of the card are included ..  \r\n\r\nIn order to ensure that we are all on the same page, I am sending the same documents with this support ticket .. \r\n\r\nI trust that this time you will be able to carry through the verification of these documents ',1,'2016-10-16 03:29:03'),(98,111,'Piotr&nbsp;T&nbsp;Lugowski','silvermint999@gmail.com','0000-00-00','','Transfer','My transfer is  still under processing since 11.10. How long still I have to wait for my money ? I\'ve sent you copies of my credit card and they are still not accepted.',1,'2016-10-17 11:01:27'),(99,104,'Laura&nbsp;&nbsp;Díaz ','laurama1023@gmail.com','0000-00-00','','Withdrawal of money','Dejar sirs, \r\n\r\nMy name is Laura Díaz and last Thursday I requested a withdrawal which hasn\'t been released yet.\r\n\r\nWhy does it take that long? When can I expect it to be done?\r\n\r\nThanks, \r\n\r\nLaura',1,'2016-10-17 10:25:05'),(100,118,'Martina&nbsp;&nbsp;Triaca','martinatriaca@gmail.com','0000-00-00','','verification and transaction','Hi there, I have a couple of questions:\r\n1. On Oct. 11 I made a withdrawal of US$ 200 from Payments Hub to my bank account and it still hasn\'t gone through. How long does it take for the money to be available on my bank account?\r\n2. I\'ve been trying to verify my account with pics of my ID and card, but every time I try to submit the pics I get an error page. It happened when I followed the procedure on the verification page as well as when I tried to attach the docs here with a ticket message. Is there another way I can verify my account or another way I can send the documents through? This is quite urgent. Please advise.\r\n\r\nThank you for your help,\r\nMartina Triaca',1,'2016-10-18 07:22:11'),(101,125,'Marta&nbsp;&nbsp;Casals Jové','martacasalsjo@yahoo.es','0000-00-00','','SCAM','Please be informed,\r\nThat the person who send the payment under the name of Adecco, with the email payments@jobs.adecco.com is not working for this company. This is a scam. He sends money through your platform to their “victims” so they would buy a software through Western Money and he will cancel the payments he has sent after receiving the money. Local authorities and Interpol have been informed about this Scam. So please block this client so he won’t be able to perpetrate any more scams or to cancel the payments once sent.\r\n',1,'2016-10-18 12:06:57'),(102,99,'Ahmed&nbsp;Algelany&nbsp;Abdulmageed','ahmedelgilany@yahoo.com','0000-00-00','','Delay of withdrawal of my bank transfer','Dear Sir,\r\nI\'d like to inform you that i made a withdrawal dated 09-10-2016 from Payments Hub to National Bank of Egypt, and till now i didn\'t receive the transfer although it has been made since more than one week. I don\'t know what is the reason. Please explain to me why is this delay. \r\n\r\nThanks,\r\nAhmed Algelany \r\nEmail: ahmedelgilany@yahoo.com',1,'2016-10-18 12:31:55'),(103,111,'Piotr&nbsp;T&nbsp;Lugowski','silvermint999@gmail.com','0000-00-00','','Transfer','My money transfer is under processing over a week. When will the money be transferred? Your contact phone doesn\'t work ?',1,'2016-10-18 01:43:53'),(104,100,'Jelmer Alexander&nbsp;de&nbsp;Kok','dkokja@gmail.com','0000-00-00','','Withdraw','Hello,\r\n9 days ago I ordered the withdrawal. I dont have the money yet, what happened? \r\n\r\nRegards',1,'2016-10-18 06:37:39'),(105,109,'Gillian&nbsp;&nbsp;Bulbeck Schneiderman','gillian_bulbeck@hotmail.com','0000-00-00','','verification of documents in order to verificar card','Last week I wrote to Support Ticket with copy of passport and of credit card.. I received notification that I had not sent enough documentation.. However, this was an error on the part of the person who answered my query ..  Two days ago I advised that all documents originally sent are correct but as yet I have had no further communication confirming that the validation has been completed .. Please advise status ',1,'2016-10-18 08:14:16'),(106,120,'Maria&nbsp;&nbsp;Vayman','maria.vaiman@gmail.com','0000-00-00','','Adding an account and verification','Hello!\r\n\r\nI wrote several times...I need to verify an account and to ad an account. My account is of a Russian bank, we don\'t have iban number.\r\nCan you please help me to proceed? It\'s urgent and since 1 week I recieved no help!\r\nI\'ve already sent photo of my passport and bank card.\r\nPlease, respomse and tell me what to do to ad an account without iban and withdraw money.\r\nThank you...',1,'2016-10-19 10:07:58'),(107,111,'Piotr&nbsp;T&nbsp;Lugowski','silvermint999@gmail.com','0000-00-00','','Transfer of the money','Last time you wrote \"Bank withdrawal can take 6 banking days. Banking days don\'t include weekends. Today is the 6th day. If the funds don\'t reach your bank today, it can\'t reach your bank within 1-2 days usually. If you don\'t see the funds in your bank account then, inform us again and we will look into this issue.\" \r\nThe money still did not arrive on my account. My account in Payments Hub was verified and I don\'t see any problem. Please explain to me when the money will be or what is the problem . Paypal transfers money to the European bank in 3 days.',1,'2016-10-20 10:28:59'),(108,114,'Uladzimir&nbsp;&nbsp;Bialou','bhhgmbh@gmail.com','0000-00-00','','Adding a bank account','Hi,\r\nI wanted to add my bank account to withdraw money. Yet, it looks like there\'s no option to to choose a bank of my choice in any country.\r\nCould you please comment on the matter',1,'2016-10-20 06:01:08'),(109,111,'Piotr&nbsp;T&nbsp;Lugowski','silvermint999@gmail.com','0000-00-00','','Money transfer','The money still did not show up on my account . Please check the situation, otherwise, I\'ll take legal actions against your company.',1,'2016-10-21 06:34:37'),(110,111,'Piotr&nbsp;T&nbsp;Lugowski','silvermint999@gmail.com','0000-00-00','','Money Transfer','You send me e-mail It\'s possible that your full bank account details wasn\'t decoded completely from the IBAN you entered. And this may result in bank withdrawal delay. Bank withdrawal doesn\'t take so long usually. So you can open a new support ticket and send us the below bank details seperately for faster bank transfer processing-\r\n\r\nSWIFT code:\r\nBank account number:\r\nBranch address: (optional - if required)\r\n\r\n\r\nIf your bank has a correspondent account in United States, you can send us correspondent bank account details for faster bank transfer processing.\r\n\r\n\r\nWe can also send you transaction ID (bank confirmation number) of the bank transfer that can be used to track the bank transfer.\r\n\r\n\r\nThank you for your patience.\"\r\nThe IBAN is ES40 0081 0552 9600 0164 6768 \r\nSwift is : BSABESBB\r\nBank name is Banco de Sabadell\r\n\r\nPlease send the money as soon as possible\r\n',1,'2016-10-21 09:30:35'),(111,112,'Narmina&nbsp;&nbsp;Aliyeva','narminaaliyeva9@gmail.com','0000-00-00','','Problem with a money withdrawal','Dear All,\r\n\r\nI have registered on your website and have already received a payment from one company. It is already two weeks since I made a withdrawal to my local bank (to my bank account), but still have not received the money. \r\n\r\nMy registered email is - narminaaliyeva9@gmail.com\r\n\r\nCan you please help me and tell whom I need to contact regarding this issue? Or can you please forward this email to the one who can answer me?\r\n\r\nThanks in advance. \r\n\r\nRegards,\r\nNarmina Aliyeva',1,'2016-10-22 04:37:48'),(112,100,'Jelmer Alexander&nbsp;de&nbsp;Kok','dkokja@gmail.com','0000-00-00','','Withdraw','Hello,\r\n\r\nWhy do I not recieve the money I withdraw? two weeks already...',1,'2016-10-24 07:20:06'),(113,118,'Martina&nbsp;&nbsp;Triaca','martinatriaca@gmail.com','0000-00-00','','THIRD ATTEMPT TO CONTACT YOU','I have been trying to contact you regarding a serious issue I\'m experiencing with your service. I have been waiting for 13 days to receive the money I transferred from my Payments Hub account to my bank account and the transaction is still UNDER PROCESSING since OCTOBER 11.\r\nThis is the THIRD TIME I try to get in touch with you but it seems impossible. I have tried to call your phone number but I get a message saying it is impossible to complete the call. I don\'t know if this is a \"legal\" scam or if you just don\'t care about your users. In any event, I am using your service FOR WORK, NOT FOR FUN. This is unacceptable. ',1,'2016-10-24 09:24:17'),(114,72,'Thomas&nbsp;&nbsp;Campbell','samuel.gutmann2016@yandex.com','0000-00-00','','Test Email Empower','Test Message Empower',1,'2016-12-16 10:48:06'),(115,72,'Thomas&nbsp;&nbsp;Campbell','samuel.gutmann2016@yandex.com','0000-00-00','','test12345678','test teyuwtr',1,'2016-12-16 10:53:52'),(116,72,'Thomas&nbsp;&nbsp;Campbell','samuel.gutmann2016@yandex.com','0000-00-00','','test demo','test demo',1,'2016-12-16 10:54:44'),(117,72,'Thomas&nbsp;&nbsp;Campbell','samuel.gutmann2016@yandex.com','0000-00-00','','test test','test test',1,'2016-12-16 10:55:53'),(118,72,'Thomas&nbsp;&nbsp;Campbell','samuel.gutmann2016@yandex.com','0000-00-00','','test test','test test',1,'2016-12-16 10:57:44'),(119,72,'Thomas&nbsp;&nbsp;Campbell','samuel.gutmann2016@yandex.com','0000-00-00','','test demo test','test test test',1,'2016-12-16 10:59:44'),(120,72,'Thomas&nbsp;&nbsp;Campbell','samuel.gutmann2016@yandex.com','0000-00-00','','gfddsf','dsf',1,'2016-12-16 11:01:16'),(121,72,'Thomas&nbsp;&nbsp;Campbell','samuel.gutmann2016@yandex.com','0000-00-00','','dfsdf','sdf',1,'2016-12-16 11:02:29'),(122,72,'Thomas&nbsp;&nbsp;Campbell','samuel.gutmann2016@yandex.com','0000-00-00','','Test ','test',1,'2016-12-16 11:06:04'),(123,72,'Thomas&nbsp;&nbsp;Campbell','samuel.gutmann2016@yandex.com','0000-00-00','','test123','test',1,'2016-12-16 11:07:10'),(124,72,'Thomas&nbsp;&nbsp;Campbell','samuel.gutmann2016@yandex.com','0000-00-00','','test 1234567','test2323',1,'2016-12-16 11:07:52'),(125,72,'Thomas&nbsp;&nbsp;Campbell','samuel.gutmann2016@yandex.com','0000-00-00','','test','test emp',1,'2016-12-16 11:12:43'),(126,72,'Thomas&nbsp;&nbsp;Campbell','samuel.gutmann2016@yandex.com','0000-00-00','','test rest','test rest',1,'2016-12-16 11:14:02'),(127,72,'Thomas&nbsp;&nbsp;Campbell','samuel.gutmann2016@yandex.com','0000-00-00','','test','test',1,'2016-12-16 11:15:37'),(128,72,'Thomas&nbsp;&nbsp;Campbell','samuel.gutmann2016@yandex.com','0000-00-00','','test me','test me',1,'2016-12-16 11:20:55'),(129,72,'Thomas&nbsp;&nbsp;Campbell','samuel.gutmann2016@yandex.com','0000-00-00','','test','test',1,'2016-12-16 11:21:55'),(130,72,'Thomas&nbsp;&nbsp;Campbell','samuel.gutmann2016@yandex.com','0000-00-00','','test1230','test0',1,'2016-12-16 11:23:40'),(131,72,'Thomas  Campbell','samuel.gutmann2016@yandex.com','0000-00-00','','test1239','test de',1,'2016-12-16 11:27:14'),(132,72,'Thomas  Campbell','samuel.gutmann2016@yandex.com','0000-00-00','','Test empower123','test empower desc',1,'2016-12-16 12:19:23'),(133,72,'Thomas  Campbell','samuel.gutmann2016@yandex.com','0000-00-00','','test empower ','test emp desc',1,'2016-12-16 12:20:22'),(134,72,'Thomas  Campbell','samuel.gutmann2016@yandex.com','0000-00-00','','test empower ','Test Empower123',1,'2016-12-16 12:21:05'),(135,72,'Thomas  Campbell','samuel.gutmann2016@yandex.com','0000-00-00','','Test 123','test',1,'2016-12-16 12:23:30'),(136,132,'test qa','qa.cyclist@gmail.com','0000-00-00','','test message','test message',1,'2016-12-20 11:33:26'),(137,132,'test qa','qa.cyclist@gmail.com','0000-00-00','','test ticket','test message',1,'2016-12-20 11:34:19'),(138,132,'test qa','qa.cyclist@gmail.com','0000-00-00','','test ticket','test message',1,'2016-12-20 11:36:35'),(139,132,'test qa','qa.cyclist@gmail.com','0000-00-00','','test ticket','test message',1,'2016-12-20 11:38:57'),(140,132,'test qa','qa.cyclist@gmail.com','0000-00-00','','test ticket','test message',1,'2016-12-20 11:39:47'),(141,133,'business of stones','empowersolutions.qa@gmail.com','0000-00-00','','ticket test 22 Dec 2016','Ticket message 22 Dec 2016',1,'2016-12-22 07:05:54'),(142,133,'business of stones','empowersolutions.qa@gmail.com','0000-00-00','','ticket test 22 Dec 2016','message - 22 Dec 2016',1,'2016-12-22 07:08:04'),(143,133,'business of stones','empowersolutions.qa@gmail.com','0000-00-00','','ticket test 22 Dec 2016','ticket test 22 Dec 2016',1,'2016-12-22 08:21:49'),(144,133,'business of stones','empowersolutions.qa@gmail.com','0000-00-00','','ticket test 22 Dec 2016','ticket test 22 Dec 2016',1,'2016-12-22 08:22:56'),(145,133,'business of stones','empowersolutions.qa@gmail.com','0000-00-00','','ticket test 22 Dec 2016','ticket test 22 Dec 2016',1,'2016-12-22 08:25:21'),(146,130,'Qa emp','dash.empower@gmail.com','0000-00-00','','ticket test 22 Dec 2016','ticket test 22 Dec 2016 Message',1,'2016-12-22 09:00:32'),(147,130,'Qa emp','dash.empower@gmail.com','0000-00-00','','ticket test 22 Dec 2016-1','ticket test 22 Dec 2016 message 1',1,'2016-12-22 09:01:30'),(148,76,'thomas inc','thomasmcampbell22@xemaps.com','0000-00-00','','test123','test',1,'2016-12-22 09:18:28'),(149,76,'thomas inc','thomasmcampbell22@xemaps.com','0000-00-00','','test','test',1,'2016-12-22 09:20:32'),(150,76,'thomas inc','thomasmcampbell22@xemaps.com','0000-00-00','','test','test',1,'2016-12-22 09:21:23'),(151,76,'thomas inc','thomasmcampbell22@xemaps.com','0000-00-00','','test','test',1,'2016-12-22 09:22:19'),(152,76,'thomas inc','thomasmcampbell22@xemaps.com','0000-00-00','','test','test',1,'2016-12-22 09:22:54'),(153,76,'thomas inc','thomasmcampbell22@xemaps.com','0000-00-00','','test','test',1,'2016-12-22 09:24:00'),(154,76,'thomas inc','thomasmcampbell22@xemaps.com','0000-00-00','','fghgf','gfhfgh',1,'2016-12-22 09:24:39'),(155,76,'thomas inc','thomasmcampbell22@xemaps.com','0000-00-00','','fghgf','gfhfgh',1,'2016-12-22 09:25:11'),(156,76,'thomas inc','thomasmcampbell22@xemaps.com','0000-00-00','','fghgf','gfhfgh',1,'2016-12-22 09:25:25'),(157,76,'thomas inc','thomasmcampbell22@xemaps.com','0000-00-00','','fghgf','gfhfgh',1,'2016-12-22 09:25:42'),(158,76,'thomas inc','thomasmcampbell22@xemaps.com','0000-00-00','','test123','test',1,'2016-12-22 09:27:31'),(159,76,'thomas inc','thomasmcampbell22@xemaps.com','0000-00-00','','test123','test',1,'2016-12-22 09:27:56'),(160,76,'thomas inc','thomasmcampbell22@xemaps.com','0000-00-00','','test123','test',1,'2016-12-22 09:28:12'),(161,76,'thomas inc','thomasmcampbell22@xemaps.com','0000-00-00','','fdgfdg','dfgdf',1,'2016-12-22 09:30:17'),(162,76,'thomas inc','thomasmcampbell22@xemaps.com','0000-00-00','','fdgfdg','dfgdf',1,'2016-12-22 09:31:21'),(163,76,'thomas inc','thomasmcampbell22@xemaps.com','0000-00-00','','fdgfdg','dfgdf',1,'2016-12-22 09:31:47'),(164,76,'thomas inc','thomasmcampbell22@xemaps.com','0000-00-00','','test123','My tetsin gis not completed',1,'2016-12-22 09:34:42'),(165,76,'thomas inc','thomasmcampbell22@xemaps.com','0000-00-00','','dfgfdgfdg','fdgfd',1,'2016-12-22 09:35:52'),(166,76,'thomas inc','thomasmcampbell22@xemaps.com','0000-00-00','','test123','test',1,'2016-12-22 09:37:52'),(167,76,'thomas inc','thomasmcampbell22@xemaps.com','0000-00-00','','gfhgfhfgh','fghgfh',1,'2016-12-22 09:47:02'),(168,76,'thomas inc','thomasmcampbell22@xemaps.com','0000-00-00','','gfhgfhfgh','fghgfh',1,'2016-12-22 10:05:48'),(169,76,'thomas inc','thomasmcampbell22@xemaps.com','0000-00-00','','test123','ghfgh',1,'2016-12-22 10:10:06'),(170,76,'thomas inc','thomasmcampbell22@xemaps.com','0000-00-00','','test123','ghfgh',1,'2016-12-22 10:12:05'),(171,76,'thomas inc','thomasmcampbell22@xemaps.com','0000-00-00','','test123','ghfgh',1,'2016-12-22 10:12:25'),(172,76,'thomas inc','thomasmcampbell22@xemaps.com','0000-00-00','','ghj','ghj',1,'2016-12-22 10:13:53'),(173,76,'thomas inc','thomasmcampbell22@xemaps.com','0000-00-00','','ghj','ghj',1,'2016-12-22 10:15:11'),(174,76,'thomas inc','thomasmcampbell22@xemaps.com','0000-00-00','','ghj','ghj',1,'2016-12-22 10:15:47'),(175,76,'thomas inc','thomasmcampbell22@xemaps.com','0000-00-00','','test123','test',1,'2016-12-22 10:16:35'),(176,76,'thomas inc','thomasmcampbell22@xemaps.com','0000-00-00','','test123','test',1,'2016-12-22 10:17:29'),(177,76,'thomas inc','thomasmcampbell22@xemaps.com','0000-00-00','','test123','test',1,'2016-12-22 10:18:56'),(178,76,'thomas inc','thomasmcampbell22@xemaps.com','0000-00-00','','test123','test',1,'2016-12-22 10:19:30'),(179,76,'thomas inc','thomasmcampbell22@xemaps.com','0000-00-00','','test123','test',1,'2016-12-22 10:19:48'),(180,76,'thomas inc','thomasmcampbell22@xemaps.com','0000-00-00','','test123','test',1,'2016-12-22 10:21:39'),(181,76,'thomas inc','thomasmcampbell22@xemaps.com','0000-00-00','','test123','test',1,'2016-12-22 10:23:48'),(182,76,'thomas inc','thomasmcampbell22@xemaps.com','0000-00-00','','test123','test',1,'2016-12-22 10:24:38'),(183,76,'thomas inc','thomasmcampbell22@xemaps.com','0000-00-00','','test123','test',1,'2016-12-22 10:28:13'),(184,76,'thomas inc','thomasmcampbell22@xemaps.com','0000-00-00','','Test 22 dec 2016','Testing is in progress 22 dec 2016-I',1,'2016-12-22 10:29:59'),(185,76,'thomas inc','thomasmcampbell22@xemaps.com','0000-00-00','','Test 22 dec 2016','Test empower testing 22 dec 2016',1,'2016-12-22 10:31:09'),(186,76,'thomas inc','thomasmcampbell22@xemaps.com','0000-00-00','','Test 22 dec 2016','Test empower testing 22 dec 2016',1,'2016-12-22 10:31:46'),(187,76,'thomas inc','thomasmcampbell22@xemaps.com','0000-00-00','','Test 22 dec 2016','Test empower 22 dec 2016 -II',1,'2016-12-22 10:33:44'),(188,76,'thomas inc','thomasmcampbell22@xemaps.com','0000-00-00','','Test empower 22 december 2016','Test empower',1,'2016-12-22 10:37:30'),(189,76,'thomas inc','thomasmcampbell22@xemaps.com','0000-00-00','','Test 22 dec 2016','test',1,'2016-12-22 10:38:54'),(190,76,'thomas inc','thomasmcampbell22@xemaps.com','0000-00-00','','Test 22 dec 2016','Test message 22 dec 2016',1,'2016-12-22 10:40:29'),(191,76,'thomas inc','thomasmcampbell22@xemaps.com','0000-00-00','','Test 22 dec 2016','Test 123',1,'2016-12-22 10:44:42'),(192,76,'thomas inc','thomasmcampbell22@xemaps.com','0000-00-00','','test123','fdgfdg',1,'2016-12-22 10:45:33'),(193,76,'thomas inc','thomasmcampbell22@xemaps.com','0000-00-00','','test123','fdgfdg',1,'2016-12-22 10:46:18'),(194,76,'thomas inc','thomasmcampbell22@xemaps.com','0000-00-00','','test123','fdgfdg',1,'2016-12-22 10:47:49'),(195,76,'thomas inc','thomasmcampbell22@xemaps.com','0000-00-00','','Test 22 dec 2016','sfddsf',1,'2016-12-22 10:57:18'),(196,76,'thomas inc','thomasmcampbell22@xemaps.com','0000-00-00','','Test 22 dec 2016','hiiii ',1,'2016-12-22 11:02:17'),(197,76,'thomas inc','thomasmcampbell22@xemaps.com','0000-00-00','','Test 22 dec 2016','test',1,'2016-12-22 11:17:28'),(198,76,'thomas inc','thomasmcampbell22@xemaps.com','0000-00-00','','Test 22 dec 2016','test',1,'2016-12-22 11:20:05'),(199,76,'thomas inc','thomasmcampbell22@xemaps.com','0000-00-00','','test123','adsasd',1,'2016-12-22 11:21:02'),(200,76,'thomas inc','thomasmcampbell22@xemaps.com','0000-00-00','','Test 22 dec 2016','test',1,'2016-12-22 11:22:00'),(201,76,'thomas inc','thomasmcampbell22@xemaps.com','0000-00-00','','test123','test',1,'2016-12-22 11:31:49'),(202,76,'thomas inc','thomasmcampbell22@xemaps.com','0000-00-00','','test123','test',1,'2016-12-22 11:32:37'),(203,76,'thomas inc','thomasmcampbell22@xemaps.com','0000-00-00','','test123','test',1,'2016-12-22 11:36:01'),(204,76,'thomas inc','thomasmcampbell22@xemaps.com','0000-00-00','','test123','test',1,'2016-12-22 11:36:43'),(205,76,'thomas inc','thomasmcampbell22@xemaps.com','0000-00-00','','empower test 22 Dec 2016','Helllo',1,'2016-12-22 12:10:15'),(206,76,'thomas inc','thomasmcampbell22@xemaps.com','0000-00-00','','empower test 22 Dec 2016','Helllo',1,'2016-12-22 12:38:16'),(207,76,'thomas inc','thomasmcampbell22@xemaps.com','0000-00-00','','empower test 22 Dec 2016','Helllo',1,'2016-12-22 12:40:53'),(208,76,'thomas inc','thomasmcampbell22@xemaps.com','0000-00-00','','empower test 22 Dec 2016','Helllo',1,'2016-12-22 12:56:12'),(209,76,'thomas inc','thomasmcampbell22@xemaps.com','0000-00-00','','empower test 23 Dec 2016','hello',1,'2016-12-23 07:45:50'),(210,76,'thomas inc','thomasmcampbell22@xemaps.com','0000-00-00','','empower test 23 Dec 2016','helllo',1,'2016-12-23 07:48:18'),(211,76,'thomas inc','thomasmcampbell22@xemaps.com','0000-00-00','','empower test 23 Dec 2016','helllo',1,'2016-12-23 07:53:38'),(212,76,'thomas inc','thomasmcampbell22@xemaps.com','0000-00-00','','empower test 23 Dec 2016','helllo',1,'2016-12-23 07:54:58'),(213,76,'thomas inc','thomasmcampbell22@xemaps.com','0000-00-00','','empower test 23 Dec 2016','helllo',1,'2016-12-23 09:46:11'),(214,76,'thomas inc','thomasmcampbell22@xemaps.com','0000-00-00','','empower test 23 Dec 2016','helllo',1,'2016-12-23 09:48:38'),(215,76,'thomas inc','thomasmcampbell22@xemaps.com','0000-00-00','','empower test 23 Dec 2016','hiiii',1,'2016-12-23 09:59:18'),(216,76,'thomas inc','thomasmcampbell22@xemaps.com','0000-00-00','','empower test 23 Dec 2016','hiiii',1,'2016-12-23 10:00:55'),(217,76,'thomas inc','thomasmcampbell22@xemaps.com','0000-00-00','','empower test 23 Dec 2016','sdsdssd',1,'2016-12-23 10:06:49'),(218,76,'thomas inc','thomasmcampbell22@xemaps.com','0000-00-00','','empower test 23 Dec 2016','ghfgh',1,'2016-12-23 10:08:46'),(219,76,'thomas inc','thomasmcampbell22@xemaps.com','0000-00-00','','empower test 23 Dec 2016','ghfgh',1,'2016-12-23 10:14:18'),(220,76,'thomas inc','thomasmcampbell22@xemaps.com','0000-00-00','','empower test 23 Dec 2016','dsd',1,'2016-12-23 10:59:22'),(221,76,'thomas inc','thomasmcampbell22@xemaps.com','0000-00-00','','empower test 23 Dec 2016','dsfdf',1,'2016-12-23 11:07:01'),(222,76,'thomas inc','thomasmcampbell22@xemaps.com','0000-00-00','','empower test 23 Dec 2016','dsfdf',1,'2016-12-23 11:12:23'),(223,76,'thomas inc','thomasmcampbell22@xemaps.com','0000-00-00','','empower test 23 Dec 2016','dsfdsf',1,'2016-12-23 11:14:41'),(224,76,'thomas inc','thomasmcampbell22@xemaps.com','0000-00-00','','empower test 23 Dec 2016','sdsd',1,'2016-12-23 11:19:29'),(225,76,'thomas inc','thomasmcampbell22@xemaps.com','0000-00-00','','empower test 23 Dec 2016','sdsd',1,'2016-12-23 11:27:23'),(226,76,'thomas inc','thomasmcampbell22@xemaps.com','0000-00-00','','empower test 23 Dec 2016','aaaa',1,'2016-12-23 11:54:44'),(227,72,'Thomas  Campbell','samuel.gutmann2016@yandex.com','0000-00-00','','Test empower 23 dec ','Test empower 23 dec 2016',1,'2016-12-23 11:55:15'),(228,72,'Thomas  Campbell','samuel.gutmann2016@yandex.com','0000-00-00','','Test empower 23 dec 2016','Test empower',1,'2016-12-23 11:59:26'),(229,72,'Thomas  Campbell','samuel.gutmann2016@yandex.com','0000-00-00','','Test Ticket by raghu','Test Ticket by raghu',1,'2016-12-23 12:03:43'),(230,72,'Thomas  Campbell','samuel.gutmann2016@yandex.com','0000-00-00','','Test Ticket by raghu','Test Ticket by raghu',1,'2016-12-23 12:04:37'),(231,76,'thomas inc','thomasmcampbell22@xemaps.com','0000-00-00','','empower test','df',1,'2016-12-23 12:10:14'),(232,76,'thomas inc','thomasmcampbell22@xemaps.com','0000-00-00','','empower test','df',1,'2016-12-23 12:11:18'),(233,76,'thomas inc','thomasmcampbell22@xemaps.com','0000-00-00','','empower test','df',1,'2016-12-23 12:12:17'),(234,72,'Thomas  Campbell','samuel.gutmann2016@yandex.com','0000-00-00','','Test 23 dec 2016','Test',1,'2016-12-23 12:40:35'),(235,72,'Thomas  Campbell','samuel.gutmann2016@yandex.com','0000-00-00','','test123','test',1,'2016-12-23 12:43:35'),(236,76,'thomas inc','thomasmcampbell22@xemaps.com','0000-00-00','','empower test 26 Dec 2016','Test message..',1,'2016-12-26 11:28:14'),(237,76,'thomas inc','thomasmcampbell22@xemaps.com','0000-00-00','','empower test 26 Dec 2016','Test message..',1,'2016-12-26 11:30:16'),(238,76,'thomas inc','thomasmcampbell22@xemaps.com','0000-00-00','','empower test 26 Dec 2016','Test message..',1,'2016-12-26 11:32:35'),(239,76,'thomas inc','thomasmcampbell22@xemaps.com','0000-00-00','','empower test 26 Dec 2016','Test message..',1,'2016-12-26 11:35:28'),(240,76,'thomas inc','thomasmcampbell22@xemaps.com','0000-00-00','','empower test 26 Dec 2016','hey',1,'2016-12-26 11:36:39'),(241,137,'Empower Test','jyotsana.khannu@empower-solutions.co.in','0000-00-00','','Test Empower 26 dec 2016-I','fdgfdgfd',1,'2016-12-26 11:38:46'),(242,76,'thomas inc','thomasmcampbell22@xemaps.com','0000-00-00','','empower test 26 Dec 2016','hiiiii',1,'2016-12-26 11:38:53'),(243,76,'thomas inc','thomasmcampbell22@xemaps.com','0000-00-00','','empower test 26 Dec 2016','Hey...',1,'2016-12-26 11:42:55'),(244,76,'thomas inc','thomasmcampbell22@xemaps.com','0000-00-00','','empower test 26 Dec 2016','Hey...',1,'2016-12-26 11:52:52'),(245,76,'thomas inc','thomasmcampbell22@xemaps.com','0000-00-00','','empower test 26 Dec 2016','test message',1,'2016-12-26 11:55:27'),(246,76,'thomas inc','thomasmcampbell22@xemaps.com','0000-00-00','','empower test 26 Dec 2016','test mail',1,'2016-12-26 12:01:26'),(247,76,'thomas inc','thomasmcampbell22@xemaps.com','0000-00-00','','empower test 26 Dec 2016','test mail',1,'2016-12-26 12:02:35'),(248,76,'thomas inc','thomasmcampbell22@xemaps.com','0000-00-00','','empower test 26 Dec 2016','test mail',1,'2016-12-26 12:44:17'),(249,76,'thomas inc','thomasmcampbell22@xemaps.com','0000-00-00','','empower test 26 Dec 2016','test mail',1,'2016-12-26 01:05:04'),(250,76,'thomas inc','thomasmcampbell22@xemaps.com','0000-00-00','','empower test 26 Dec 20167','hiiii',1,'2016-12-27 05:57:59'),(251,76,'thomas inc','thomasmcampbell22@xemaps.com','0000-00-00','','empower test 27 Dec 2016','test mail....',1,'2016-12-27 06:01:11'),(252,76,'thomas inc','thomasmcampbell22@xemaps.com','0000-00-00','','Test 27 dec 2016','test empower',1,'2016-12-27 06:14:18'),(253,76,'thomas inc','thomasmcampbell22@xemaps.com','0000-00-00','','empower test 27 Dec 2016','empower test mail',1,'2016-12-27 06:14:37'),(254,76,'thomas inc','thomasmcampbell22@xemaps.com','0000-00-00','','empower test 27 Dec 2016','empower test mail',1,'2016-12-27 06:16:20'),(255,76,'thomas inc','thomasmcampbell22@xemaps.com','0000-00-00','','empower test 27 Dec 2016','empower test mail..',1,'2016-12-27 06:19:11'),(256,76,'thomas inc','thomasmcampbell22@xemaps.com','0000-00-00','','empower test 27 Dec 2016','empower test mail..',1,'2016-12-27 06:23:30'),(257,76,'thomas inc','thomasmcampbell22@xemaps.com','0000-00-00','','empower test 27 Dec 2016','emp test mail',1,'2016-12-27 06:27:51'),(258,76,'thomas inc','thomasmcampbell22@xemaps.com','0000-00-00','','empower test 27 Dec 2016','emp test mail',1,'2016-12-27 06:34:47'),(259,76,'thomas inc','thomasmcampbell22@xemaps.com','0000-00-00','','empower test 27 Dec 2016','Empower test mail',1,'2016-12-27 06:47:22'),(260,76,'thomas inc','thomasmcampbell22@xemaps.com','0000-00-00','','empower test 27 Dec 2016','Emp test mail',1,'2016-12-27 07:01:53'),(261,76,'thomas inc','thomasmcampbell22@xemaps.com','0000-00-00','','empower test 27 Dec 2016','emp test mail',1,'2016-12-27 07:03:52'),(262,76,'thomas inc','thomasmcampbell22@xemaps.com','0000-00-00','','empower test 27 Dec 2016','emp test mail',1,'2016-12-27 07:05:43'),(263,76,'thomas inc','thomasmcampbell22@xemaps.com','0000-00-00','','empower test 27 Dec 2016','Emp test',1,'2016-12-27 07:11:11'),(264,76,'thomas inc','thomasmcampbell22@xemaps.com','0000-00-00','','empower test 27 Dec 2016','Emp test',1,'2016-12-27 07:19:26'),(265,133,'business of stones','empowersolutions.qa@gmail.com','0000-00-00','','test ticket 27 Dec 2016','test ticket 27 Dec 2016',1,'2016-12-27 07:30:18'),(266,133,'business of stones','empowersolutions.qa@gmail.com','0000-00-00','','test ticket 27 Dec 2016','test ticket 27 Dec 2016',1,'2016-12-27 07:31:23'),(267,76,'thomas inc','thomasmcampbell22@xemaps.com','0000-00-00','','empower test 27 Dec 2016','test mail',1,'2016-12-27 07:39:52'),(268,76,'thomas inc','thomasmcampbell22@xemaps.com','0000-00-00','','empower test 27 Dec 2016','test mail',1,'2016-12-27 08:47:12'),(269,76,'thomas inc','thomasmcampbell22@xemaps.com','0000-00-00','','empower test 27 Dec 2016','Empower test mail',1,'2016-12-27 08:51:20'),(270,0,'test name','dash.empower@gmail.com','0000-00-00','','test ticket 27 Dec 2016 - qa','test ticket 27 Dec 2016 - qa',1,'2016-12-27 08:57:02'),(271,0,'test name','dash.empower@gmail.com','0000-00-00','','test ticket 27 Dec 2016 - qa','test ticket 27 Dec 2016 - qa',1,'2016-12-27 08:58:05'),(272,0,'divya  joshi','divya.joshi@empower-solutions.co.in','0000-00-00','','empower test 27 Dec 2016','Test support ticket',1,'2016-12-27 09:08:25'),(273,0,'QA Emp','empowersolutions.qa@gmail.com','0000-00-00','','empower123 test','empower test message',1,'2016-12-27 09:33:35'),(274,133,'Business of stones','dash.empower@gmail.com','0000-00-00','','ticket 04 Jan 2017','ticket 04 Jan 2017',1,'2017-01-04 05:59:56'),(275,133,'Business of stones','dash.empower@gmail.com','0000-00-00','','ticket 04 Jan 2017','ticket 04 Jan 2017',1,'2017-01-04 06:01:12'),(276,0,'rohit Test','test@test.com','0000-00-00','','working details','efefefefefef',1,'2017-02-14 10:53:11'),(277,0,'mukesh palotra','mukesh.syscraft@gmail.com','0000-00-00','','working details','fgfgffggd',1,'2017-02-14 10:57:41'),(278,0,'mukesh palotra','mukesh.syscraft@gmail.com','0000-00-00','','working details','rtrtrttretrrtrtrt',1,'2017-02-14 11:01:10'),(279,0,'mukesh palotra','mukesh.syscraft@gmail.com','0000-00-00','','working details','FDFGDGFDSGDGSDGG',1,'2017-02-14 11:05:33'),(280,151,'New ship','amitjoshi2040@gmail.com','0000-00-00','','NEW test','new support ticket ',1,'2017-02-21 07:29:22'),(281,142,'Vikalp Solutions','vikalp.syscraft0293@gmail.com','0000-00-00','','test','test',1,'2017-02-21 08:34:14'),(282,153,'Bakery','test4sino@gmail.com','0000-00-00','','New test','for trade business',1,'2017-02-21 12:33:16'),(283,0,'t gh','gh@by.net','0000-00-00','','hyjhg','gjj',1,'2017-03-19 08:55:24'),(284,73,'b n','samuelgutmann1@yandex.com','0000-00-00','','gh','jghg',1,'2017-03-19 09:09:59'),(285,73,'b n','samuelgutmann1@yandex.com','0000-00-00','','juio','gtyuio',1,'2017-03-19 01:26:22'),(286,0,'ko ht','bfrtuynhg@yandex.com','0000-00-00','','kolhyt','dsertu',1,'2017-03-19 01:41:10');
/*!40000 ALTER TABLE `contactus` ENABLE KEYS */;
UNLOCK TABLES;

--
-- Table structure for table `country_states`
--

DROP TABLE IF EXISTS `country_states`;
/*!40101 SET @saved_cs_client     = @@character_set_client */;
/*!40101 SET character_set_client = utf8 */;
CREATE TABLE `country_states` (
  `id` int(10) unsigned NOT NULL AUTO_INCREMENT,
  `country` varchar(250) COLLATE utf8_unicode_ci NOT NULL,
  `state` varchar(250) COLLATE utf8_unicode_ci NOT NULL,
  `created_at` timestamp NULL DEFAULT NULL,
  `updated_at` timestamp NULL DEFAULT NULL,
  PRIMARY KEY (`id`)
) ENGINE=InnoDB AUTO_INCREMENT=93 DEFAULT CHARSET=utf8 COLLATE=utf8_unicode_ci;
/*!40101 SET character_set_client = @saved_cs_client */;

--
-- Dumping data for table `country_states`
--

LOCK TABLES `country_states` WRITE;
/*!40000 ALTER TABLE `country_states` DISABLE KEYS */;
INSERT INTO `country_states` VALUES (1,'United States','Alabama','2016-09-16 12:08:22','2016-09-16 12:08:22'),(2,'United States','Alaska','2016-09-16 12:08:22','2016-09-16 12:08:22'),(3,'United States','American Samoa','2016-09-16 12:08:22','2016-09-16 12:08:22'),(4,'United States','Arizona','2016-09-16 12:08:22','2016-09-16 12:08:22'),(5,'United States','Arkansas','2016-09-16 12:08:22','2016-09-16 12:08:22'),(6,'United States','California','2016-09-16 12:08:22','2016-09-16 12:08:22'),(7,'United States','Colorado','2016-09-16 12:08:22','2016-09-16 12:08:22'),(8,'United States','Connecticut','2016-09-16 12:08:22','2016-09-16 12:08:22'),(9,'United States','Delaware','2016-09-16 12:08:22','2016-09-16 12:08:22'),(10,'United States','District of Columbia','2016-09-16 12:08:22','2016-09-16 12:08:22'),(11,'United States','Florida','2016-09-16 12:08:22','2016-09-16 12:08:22'),(12,'United States','Georgia','2016-09-16 12:08:22','2016-09-16 12:08:22'),(13,'United States','Guam','2016-09-16 12:08:22','2016-09-16 12:08:22'),(14,'United States','Hawaii','2016-09-16 12:08:22','2016-09-16 12:08:22'),(15,'United States','Idaho','2016-09-16 12:08:22','2016-09-16 12:08:22'),(16,'United States','Illinois','2016-09-16 12:08:22','2016-09-16 12:08:22'),(17,'United States','Indiana','2016-09-16 12:08:22','2016-09-16 12:08:22'),(18,'United States','Iowa','2016-09-16 12:08:22','2016-09-16 12:08:22'),(19,'United States','Kansas','2016-09-16 12:08:22','2016-09-16 12:08:22'),(20,'United States','Kentucky','2016-09-16 12:08:22','2016-09-16 12:08:22'),(21,'United States','Louisiana','2016-09-16 12:08:22','2016-09-16 12:08:22'),(22,'United States','Maine','2016-09-16 12:08:22','2016-09-16 12:08:22'),(23,'United States','Maryland','2016-09-16 12:08:22','2016-09-16 12:08:22'),(24,'United States','Massachusetts','2016-09-16 12:08:22','2016-09-16 12:08:22'),(25,'United States','Michigan','2016-09-16 12:08:22','2016-09-16 12:08:22'),(26,'United States','Minnesota','2016-09-16 12:08:22','2016-09-16 12:08:22'),(27,'United States','Mississippi','2016-09-16 12:08:22','2016-09-16 12:08:22'),(28,'United States','Missouri','2016-09-16 12:08:22','2016-09-16 12:08:22'),(29,'United States','Montana','2016-09-16 12:08:22','2016-09-16 12:08:22'),(30,'United States','Nebraska','2016-09-16 12:08:22','2016-09-16 12:08:22'),(31,'United States','Nevada','2016-09-16 12:08:22','2016-09-16 12:08:22'),(32,'United States','New Hampshire','2016-09-16 12:08:22','2016-09-16 12:08:22'),(33,'United States','New Jersey','2016-09-16 12:08:22','2016-09-16 12:08:22'),(34,'United States','New Mexico','2016-09-16 12:08:22','2016-09-16 12:08:22'),(35,'United States','New York','2016-09-16 12:08:22','2016-09-16 12:08:22'),(36,'United States','North Carolina','2016-09-16 12:08:22','2016-09-16 12:08:22'),(37,'United States','North Dakota','2016-09-16 12:08:22','2016-09-16 12:08:22'),(38,'United States','Northern Mariana Islands','2016-09-16 12:08:22','2016-09-16 12:08:22'),(39,'United States','Ohio','2016-09-16 12:08:22','2016-09-16 12:08:22'),(40,'United States','Oklahoma','2016-09-16 12:08:22','2016-09-16 12:08:22'),(41,'United States','Oregon','2016-09-16 12:08:22','2016-09-16 12:08:22'),(42,'United States','Pennsylvania','2016-09-16 12:08:22','2016-09-16 12:08:22'),(43,'United States','Puerto Rico','2016-09-16 12:08:22','2016-09-16 12:08:22'),(44,'United States','Rhode Island','2016-09-16 12:08:22','2016-09-16 12:08:22'),(45,'United States','South Carolina','2016-09-16 12:08:22','2016-09-16 12:08:22'),(46,'United States','South Dakota','2016-09-16 12:08:22','2016-09-16 12:08:22'),(47,'United States','Tennessee','2016-09-16 12:08:22','2016-09-16 12:08:22'),(48,'United States','Texas','2016-09-16 12:08:22','2016-09-16 12:08:22'),(49,'United States','U.S. Virgin Islands','2016-09-16 12:08:22','2016-09-16 12:08:22'),(50,'United States','Utah','2016-09-16 12:08:22','2016-09-16 12:08:22'),(51,'United States','Vermont','2016-09-16 12:08:22','2016-09-16 12:08:22'),(52,'United States','Virginia','2016-09-16 12:08:22','2016-09-16 12:08:22'),(53,'United States','Washington','2016-09-16 12:08:22','2016-09-16 12:08:22'),(54,'United States','West Virginia','2016-09-16 12:08:22','2016-09-16 12:08:22'),(55,'United States','Wisconsin','2016-09-16 12:08:22','2016-09-16 12:08:22'),(56,'United States','Wyoming','2016-09-16 12:08:22','2016-09-16 12:08:22'),(57,'India','Andaman and Nicobar Islands','2016-09-16 12:08:22','2016-09-16 12:08:22'),(58,'India','Andhra Pradesh','2016-09-16 12:08:22','2016-09-16 12:08:22'),(59,'India','Arunachal Pradesh','2016-09-16 12:08:22','2016-09-16 12:08:22'),(60,'India','Assam','2016-09-16 12:08:22','2016-09-16 12:08:22'),(61,'India','Bihar','2016-09-16 12:08:22','2016-09-16 12:08:22'),(62,'India','Chandigarh','2016-09-16 12:08:22','2016-09-16 12:08:22'),(63,'India','Chhattisgarh','2016-09-16 12:08:22','2016-09-16 12:08:22'),(64,'India','Dadra and Nagar Haveli','2016-09-16 12:08:22','2016-09-16 12:08:22'),(65,'India','Daman and Diu','2016-09-16 12:08:22','2016-09-16 12:08:22'),(66,'India','Goa','2016-09-16 12:08:22','2016-09-16 12:08:22'),(67,'India','Gujarat','2016-09-16 12:08:22','2016-09-16 12:08:22'),(68,'India','Haryana','2016-09-16 12:08:22','2016-09-16 12:08:22'),(69,'India','Himachal Pradesh','2016-09-16 12:08:22','2016-09-16 12:08:22'),(70,'India','Jammu and Kashmir','2016-09-16 12:08:22','2016-09-16 12:08:22'),(71,'India','Jharkhand','2016-09-16 12:08:22','2016-09-16 12:08:22'),(72,'India','Karnataka','2016-09-16 12:08:22','2016-09-16 12:08:22'),(73,'India','Kerala','2016-09-16 12:08:22','2016-09-16 12:08:22'),(74,'India','Lakshadweep','2016-09-16 12:08:22','2016-09-16 12:08:22'),(75,'India','Madhya Pradesh','2016-09-16 12:08:22','2016-09-16 12:08:22'),(76,'India','Maharashtra','2016-09-16 12:08:22','2016-09-16 12:08:22'),(77,'India','Manipur','2016-09-16 12:08:22','2016-09-16 12:08:22'),(78,'India','Meghalaya','2016-09-16 12:08:22','2016-09-16 12:08:22'),(79,'India','Mizoram','2016-09-16 12:08:22','2016-09-16 12:08:22'),(80,'India','Nagaland','2016-09-16 12:08:22','2016-09-16 12:08:22'),(81,'India','National Capital Territory of Delhi','2016-09-16 12:08:22','2016-09-16 12:08:22'),(82,'India','Odisha','2016-09-16 12:08:22','2016-09-16 12:08:22'),(83,'India','Puducherry','2016-09-16 12:08:22','2016-09-16 12:08:22'),(84,'India','Punjab','2016-09-16 12:08:22','2016-09-16 12:08:22'),(85,'India','Rajasthan','2016-09-16 12:08:22','2016-09-16 12:08:22'),(86,'India','Sikkim','2016-09-16 12:08:22','2016-09-16 12:08:22'),(87,'India','Tamil Nadu','2016-09-16 12:08:22','2016-09-16 12:08:22'),(88,'India','Telangana','2016-09-16 12:08:22','2016-09-16 12:08:22'),(89,'India','Tripura','2016-09-16 12:08:22','2016-09-16 12:08:22'),(90,'India','Uttar Pradesh','2016-09-16 12:08:22','2016-09-16 12:08:22'),(91,'India','Uttarakhand','2016-09-16 12:08:22','2016-09-16 12:08:22'),(92,'India','West Bengal','2016-09-16 12:08:22','2016-09-16 12:08:22');
/*!40000 ALTER TABLE `country_states` ENABLE KEYS */;
UNLOCK TABLES;

--
-- Table structure for table `currency`
--

DROP TABLE IF EXISTS `currency`;
/*!40101 SET @saved_cs_client     = @@character_set_client */;
/*!40101 SET character_set_client = utf8 */;
CREATE TABLE `currency` (
  `id` int(11) NOT NULL,
  `currency` varchar(45) DEFAULT NULL,
  KEY `currency_user_id_fk_idx` (`id`),
  CONSTRAINT `currency_userid_fk` FOREIGN KEY (`id`) REFERENCES `users` (`id`) ON DELETE CASCADE ON UPDATE CASCADE
) ENGINE=InnoDB DEFAULT CHARSET=latin1;
/*!40101 SET character_set_client = @saved_cs_client */;

--
-- Dumping data for table `currency`
--

LOCK TABLES `currency` WRITE;
/*!40000 ALTER TABLE `currency` DISABLE KEYS */;
/*!40000 ALTER TABLE `currency` ENABLE KEYS */;
UNLOCK TABLES;

--
-- Table structure for table `fees_bank_withdrawal`
--

DROP TABLE IF EXISTS `fees_bank_withdrawal`;
/*!40101 SET @saved_cs_client     = @@character_set_client */;
/*!40101 SET character_set_client = utf8 */;
CREATE TABLE `fees_bank_withdrawal` (
  `id` int(10) unsigned NOT NULL AUTO_INCREMENT,
  `country` varchar(250) DEFAULT NULL,
  `fee` decimal(10,2) NOT NULL DEFAULT '0.00',
  PRIMARY KEY (`id`)
) ENGINE=InnoDB AUTO_INCREMENT=46 DEFAULT CHARSET=utf8;
/*!40101 SET character_set_client = @saved_cs_client */;

--
-- Dumping data for table `fees_bank_withdrawal`
--

LOCK TABLES `fees_bank_withdrawal` WRITE;
/*!40000 ALTER TABLE `fees_bank_withdrawal` DISABLE KEYS */;
INSERT INTO `fees_bank_withdrawal` VALUES (1,'United States',0.00),(2,'Canada',0.00),(3,'United Kingdom',0.00),(4,'New Zealand',0.00),(5,'others',4.50),(6,'India',1.50),(7,'Philippines',1.50),(8,'Mexico',1.50),(9,'Japan',1.50),(10,'Malaysia',1.50),(11,'Andorra',0.00),(12,'Austria',0.00),(13,'Belgium',0.00),(14,'Bulgaria',0.00),(15,'Croatia',0.00),(16,'Cyprus',0.00),(17,'Czech Republic',0.00),(18,'Denmark',0.00),(19,'Estonia',0.00),(20,'Finland',0.00),(21,'France',0.00),(22,'Germany',0.00),(23,'Gibraltar',0.00),(24,'Greece',0.00),(25,'Hungary',0.00),(26,'Iceland',0.00),(27,'Ireland',0.00),(28,'Italy',0.00),(29,'Latvia',0.00),(30,'Liechtenstein',0.00),(31,'Lithuania',0.00),(32,'Luxembourg',0.00),(33,'Malta',0.00),(34,'Monaco',0.00),(35,'Netherlands',0.00),(36,'Norway',0.00),(37,'Poland',0.00),(38,'Portugal',0.00),(39,'Romania',0.00),(40,'Saint Marino',0.00),(41,'Slovakia',0.00),(42,'Slovenia',0.00),(43,'Spain',0.00),(44,'Sweden',0.00),(45,'Switzerland',0.00);
/*!40000 ALTER TABLE `fees_bank_withdrawal` ENABLE KEYS */;
UNLOCK TABLES;

--
-- Table structure for table `migrations`
--

DROP TABLE IF EXISTS `migrations`;
/*!40101 SET @saved_cs_client     = @@character_set_client */;
/*!40101 SET character_set_client = utf8 */;
CREATE TABLE `migrations` (
  `migration` varchar(255) COLLATE utf8_unicode_ci NOT NULL,
  `batch` int(11) NOT NULL
) ENGINE=InnoDB DEFAULT CHARSET=utf8 COLLATE=utf8_unicode_ci;
/*!40101 SET character_set_client = @saved_cs_client */;

--
-- Dumping data for table `migrations`
--

LOCK TABLES `migrations` WRITE;
/*!40000 ALTER TABLE `migrations` DISABLE KEYS */;
INSERT INTO `migrations` VALUES ('2016_09_08_150129_add_authorization_password_field_to_users_table',1),('2016_09_09_120703_add_fields_in_card_table',2),('2016_09_09_145202_add_system_variable_table',3),('2016_09_09_071634_create_account_verification_details_table',4),('2016_09_09_072415_create_user_identity_verification_details_table',4),('2016_09_09_161459_add_account_id_column_to_user_identity_verification_details_table',4),('2016_09_09_164143_add_id_system_variable_table',4),('2016_09_13_120114_add_fields_to_verificationdoc_table',5),('2016_09_14_075635_add_size_field_to_verificationdoc_table',6),('2016_09_14_105350_create_verification_information_table',6),('2016_09_14_105351_create_verification_information_documents_table',6),('2016_09_16_054724_create_country_states_table',7),('2016_09_19_075558_add_size_field_to_cards_table',8);
/*!40000 ALTER TABLE `migrations` ENABLE KEYS */;
UNLOCK TABLES;

--
-- Table structure for table `minimum_withdrawal_amounts`
--

DROP TABLE IF EXISTS `minimum_withdrawal_amounts`;
/*!40101 SET @saved_cs_client     = @@character_set_client */;
/*!40101 SET character_set_client = utf8 */;
CREATE TABLE `minimum_withdrawal_amounts` (
  `id` int(10) unsigned NOT NULL AUTO_INCREMENT,
  `country` varchar(250) DEFAULT NULL,
  `amount` decimal(10,2) NOT NULL DEFAULT '0.00',
  PRIMARY KEY (`id`)
) ENGINE=InnoDB AUTO_INCREMENT=75 DEFAULT CHARSET=utf8;
/*!40101 SET character_set_client = @saved_cs_client */;

--
-- Dumping data for table `minimum_withdrawal_amounts`
--

LOCK TABLES `minimum_withdrawal_amounts` WRITE;
/*!40000 ALTER TABLE `minimum_withdrawal_amounts` DISABLE KEYS */;
INSERT INTO `minimum_withdrawal_amounts` VALUES (1,'United States',10.00),(2,'Canada',10.00),(3,'United Kingdom',10.00),(4,'Australia',10.00),(5,'New Zealand',10.00),(6,'Andorra',10.00),(7,'Austria',10.00),(8,'Belgium',10.00),(9,'Bulgaria',10.00),(10,'Croatia',10.00),(11,'Cyprus',10.00),(12,'Czech Republic',10.00),(13,'Denmark',10.00),(14,'Estonia',10.00),(15,'Finland',10.00),(16,'France',10.00),(17,'Germany',10.00),(18,'Gibraltar',10.00),(19,'Greece',10.00),(20,'Hungary',10.00),(21,'Iceland',10.00),(22,'Ireland',10.00),(23,'Italy',10.00),(24,'Latvia',10.00),(25,'Liechtenstein',10.00),(26,'Lithuania',10.00),(27,'Luxembourg',10.00),(28,'Malta',10.00),(29,'Monaco',10.00),(30,'Netherlands',10.00),(31,'Norway',10.00),(32,'Poland',10.00),(33,'Portugal',10.00),(34,'Romania',10.00),(35,'Saint Marino',10.00),(36,'Slovakia',10.00),(37,'Slovenia',10.00),(38,'Spain',10.00),(39,'Sweden',10.00),(40,'Switzerland',10.00),(69,'India',15.00),(70,'Philippines',15.00),(71,'Mexico',15.00),(72,'Japan',15.00),(73,'Malaysia',15.00),(74,'others',20.00);
/*!40000 ALTER TABLE `minimum_withdrawal_amounts` ENABLE KEYS */;
UNLOCK TABLES;

--
-- Table structure for table `nonsepa_countries`
--

DROP TABLE IF EXISTS `nonsepa_countries`;
/*!40101 SET @saved_cs_client     = @@character_set_client */;
/*!40101 SET character_set_client = utf8 */;
CREATE TABLE `nonsepa_countries` (
  `id` int(11) NOT NULL AUTO_INCREMENT,
  `country_name` varchar(255) NOT NULL,
  `iban` int(11) NOT NULL,
  PRIMARY KEY (`id`)
) ENGINE=InnoDB AUTO_INCREMENT=86 DEFAULT CHARSET=latin1;
/*!40101 SET character_set_client = @saved_cs_client */;

--
-- Dumping data for table `nonsepa_countries`
--

LOCK TABLES `nonsepa_countries` WRITE;
/*!40000 ALTER TABLE `nonsepa_countries` DISABLE KEYS */;
INSERT INTO `nonsepa_countries` VALUES (48,'Albania',28),(49,'Azerbaijan',28),(50,'Bahrain',22),(51,'Faroe Islands',18),(52,'Georgia',22),(53,'Greenland',18),(54,'Israel',23),(55,'Jordan',30),(56,'Kuwait',30),(57,'Lebanon',28),(58,'Mauritania',27),(59,'Moldova',24),(60,'Pakistan',24),(61,'Palestine',29),(62,'Qatar',29),(63,'Saudi Arabia',24),(64,'Tunisia',24),(65,'Turkey',26),(66,'UAE',23),(67,'Albania',28),(68,'Azerbaijan',28),(69,'Bahrain',22),(70,'Faroe Islands',18),(71,'Georgia',22),(72,'Greenland',18),(73,'Israel',23),(74,'Jordan',30),(75,'Kuwait',30),(76,'Lebanon',28),(77,'Mauritania',27),(78,'Moldova',24),(79,'Pakistan',24),(80,'Palestine',29),(81,'Qatar',29),(82,'Saudi Arabia',24),(83,'Tunisia',24),(84,'Turkey',26),(85,'UAE',23);
/*!40000 ALTER TABLE `nonsepa_countries` ENABLE KEYS */;
UNLOCK TABLES;

--
-- Table structure for table `profile`
--

DROP TABLE IF EXISTS `profile`;
/*!40101 SET @saved_cs_client     = @@character_set_client */;
/*!40101 SET character_set_client = utf8 */;
CREATE TABLE `profile` (
  `id` int(11) DEFAULT NULL,
  `profile_id` int(11) NOT NULL AUTO_INCREMENT,
  `fname` varchar(200) DEFAULT NULL,
  `lname` varchar(200) DEFAULT NULL,
  `mname` varchar(200) DEFAULT NULL,
  `address_one` varchar(500) DEFAULT NULL,
  `address_two` varchar(500) DEFAULT NULL,
  `country` varchar(200) DEFAULT NULL,
  `city` varchar(200) DEFAULT NULL,
  `state` varchar(200) DEFAULT NULL,
  `postal` varchar(200) DEFAULT NULL,
  `mobile` varchar(200) DEFAULT NULL,
  `dob` varchar(200) DEFAULT NULL,
  `nationality` varchar(200) DEFAULT NULL,
  `timezone` varchar(200) DEFAULT NULL,
  `ssn` varchar(500) DEFAULT NULL,
  PRIMARY KEY (`profile_id`),
  KEY `profile_user_id_fk_idx` (`id`),
  CONSTRAINT `profile_fk` FOREIGN KEY (`id`) REFERENCES `users` (`id`) ON DELETE CASCADE ON UPDATE CASCADE
) ENGINE=InnoDB AUTO_INCREMENT=187 DEFAULT CHARSET=latin1;
/*!40101 SET character_set_client = @saved_cs_client */;

--
-- Dumping data for table `profile`
--

LOCK TABLES `profile` WRITE;
/*!40000 ALTER TABLE `profile` DISABLE KEYS */;
INSERT INTO `profile` VALUES (51,51,'Thomas M.','Campbell',NULL,NULL,NULL,NULL,NULL,NULL,NULL,NULL,NULL,NULL,NULL,NULL),(99,99,'Ahmed','Abdulmageed','Algelany','Giza','','Egypt','Giza governorate','Egypt','-','20-1277294647','16/2/1978','Egypt','Africa/Cairo',NULL),(100,100,'Jelmer Alexander','Kok','de','Calle Bergantín 14 2-D','','Span','Majadahonda','Madrid','28220','34-657391434','1/7/1991','Spain','Europe/Madrid',NULL),(101,101,'Shashkova','Katarina','Sergeevna','Nagornaya, 23','','Belarus','Klimovichi','Mogilev region','213633','375-2911069794','3/7/1990','Belarus','Europe/Minsk',NULL),(102,102,'Ekaterina','Varivoda','','Platonova 33','','Belarus','Minsk','','220005','375-375293429294','12/11/1990','Belarus','Europe/Minsk',NULL),(103,103,'Maxime','LISOIR','','8/1-3 M.7 ','','Thailand','Muang','Lakhok, Pratung Thani','12000','66-0969209105','22/10/1987','France','Asia/Bangkok',NULL),(104,104,'Laura','Díaz ','','Calle Los Nardos 4','','Span','Almoradí ','','03160','34-646593919','24/12/1982','Spain','Europe/Madrid',NULL),(105,105,'Alberto','Masini','','Via Zamboni 88','','Italy','Bologna','','40126','39-3407064095','8/1/1985','Italy','Europe/Rome',NULL),(106,106,'Rebeca','García','','Av. San Luis 27','','Span','Madrid','','28033','34-658721281','4/7/1990','Spain','Europe/Lisbon',NULL),(107,107,'Adrian','Stefirta','Eduard','6, Dacia blvd','','Romania','Chisinau','','2038','373-60090030','21/8/1991','Moldova','Europe/Bucharest',NULL),(108,108,'Edgar','Khachatryan','','Savoyan 224/343','','Armenia','Gyumri','','3108','374-98554596','29/3/1993','Armenia','Asia/Yerevan',NULL),(109,109,'Gillian','Bulbeck Schneiderman','','Mansilla Lucio N Gral 3493 - 6 A','','Argentina','Buenos Aires','CABA','1425','54-91132165579','13/3/1951','United Kingdom','America/Santiago',NULL),(111,111,'Piotr','Lugowski','T','Riviera del Sol 9a fase.Urb.Zayas de Riviera.c/de los Compositores casa 28','','Span','Mijas Costa (Malaga)','Malaga','29649','34-699133798','24/8/1957','Spain','Europe/Madrid',NULL),(112,112,'Narmina','Aliyeva','','Sh.Azizbayov 88A','','Azerbaijan','Baku','','AZ1009','994-557864010','19/1/1988','Azerbaijan','Asia/Baku',NULL),(113,113,'Roberto','Popolizio','','Vicopisano','','Italy','Pisa','','56010','39-3247935263','13/4/1984','Italy','Europe/Rome',NULL),(114,114,'Uladzimir','Bialou','','25 Latinka Str.','','Bulgaria','Sofia','','1113','359-878637882','9/12/1955','Bulgaria','Europe/Sofia',NULL),(115,115,'Ivan','Cadars','','10 grande rue','','France','Poinson-lès-fayl','','52500','33-0964375076','19/12/1983','France','Europe/Paris',NULL),(116,116,'Nikola','Atanasov','','Ivan Cankar','','Macedonia','Skopje','','1000','389-71992392','13/8/1988','Macedonia','Europe/Skopje',NULL),(117,117,'Patricia','Vasconcellos','','Américo Macedo, 782/601, Gutierrez','','Brazil','Belo Horizonte','Minas Gerais','30441-102','55-992920912','22/10/1985','Brazil','America/Sao_Paulo',NULL),(118,118,'Martina','Triaca','','Via D\'Avalos 22','','Italy','Vigevano','PV','27029','39-3397906376','20/10/1989','Italy','Europe/Rome',NULL),(119,119,'Ilaria','Castelli','','12 new priory court','61 mazenod avenue','United Kingdom','london','','nw6 4lt','44-7804324941','8/2/1986','Italy','Europe/London',NULL),(120,120,'Maria','Vayman','','Tbilisi, Ritsa, 21','','Georgia','Tbilisi','','0108','7-9627200377','20/1/1987','Russia','Asia/Tbilisi',NULL),(121,121,'Tony','Bobo','','3 rue de la loriotte','','France','vert saint denis','','77240','54-1136743377','21/7/1987','Argentina','America/Sao_Paulo',NULL),(123,123,'Chiara','Petrucci','','Via N. Tommaseo 16','','Italy','Livorno','Italy','57121','39-3487766526','30/4/1990','Italy','Europe/Madrid',NULL),(124,124,'Polina','Meshcheryakova ','','Chernyakhovskogo 5','','Russia','Moscow','','125319','7-9104314319','8/7/1995','Russia','Europe/Moscow',NULL),(125,125,'Marta','Casals Jové','','Petrinska, 12','','Czech Republic','Praha','Praha 5','15001','42-00420777576188','25/11/1979','Czech Republic','Europe/Prague',NULL),(126,126,'Mialisoatiana','Razanabololona ','','Lot III B 73 Bis Morarano Andoharanofotsy','','Madagascar','Antananarivo','Analamanga','102','261-326068727','9/9/1990','Madagascar','Africa/Nairobi',NULL);
/*!40000 ALTER TABLE `profile` ENABLE KEYS */;
UNLOCK TABLES;

--
-- Table structure for table `search_settings`
--

DROP TABLE IF EXISTS `search_settings`;
/*!40101 SET @saved_cs_client     = @@character_set_client */;
/*!40101 SET character_set_client = utf8 */;
CREATE TABLE `search_settings` (
  `id` int(11) NOT NULL AUTO_INCREMENT,
  `user_id` int(11) DEFAULT NULL,
  `history_entries` int(10) unsigned NOT NULL DEFAULT '25',
  `home_entries` int(10) unsigned NOT NULL DEFAULT '25',
  PRIMARY KEY (`id`),
  KEY `user_id` (`user_id`),
  CONSTRAINT `search_settings_ibfk_1` FOREIGN KEY (`user_id`) REFERENCES `users` (`id`) ON DELETE CASCADE
) ENGINE=InnoDB AUTO_INCREMENT=134 DEFAULT CHARSET=latin1;
/*!40101 SET character_set_client = @saved_cs_client */;

--
-- Dumping data for table `search_settings`
--

LOCK TABLES `search_settings` WRITE;
/*!40000 ALTER TABLE `search_settings` DISABLE KEYS */;
INSERT INTO `search_settings` VALUES (62,99,10,25),(63,100,25,100),(64,101,25,25),(65,102,25,25),(66,103,25,25),(67,104,25,25),(68,105,25,25),(69,106,25,25),(70,107,25,25),(71,108,25,25),(72,109,25,25),(74,111,25,50),(75,112,25,25),(76,113,25,25),(77,114,25,25),(78,115,25,25),(79,116,25,25),(80,117,25,25),(81,118,25,25),(82,119,25,25),(83,120,25,25),(84,121,25,100),(86,123,25,25),(87,124,25,25),(88,125,25,25),(89,126,25,25);
/*!40000 ALTER TABLE `search_settings` ENABLE KEYS */;
UNLOCK TABLES;

--
-- Table structure for table `sepa_countries`
--

DROP TABLE IF EXISTS `sepa_countries`;
/*!40101 SET @saved_cs_client     = @@character_set_client */;
/*!40101 SET character_set_client = utf8 */;
CREATE TABLE `sepa_countries` (
  `id` int(11) NOT NULL AUTO_INCREMENT,
  `country_code` varchar(100) NOT NULL,
  `country_name` varchar(255) NOT NULL,
  `iban` int(11) NOT NULL,
  PRIMARY KEY (`id`)
) ENGINE=InnoDB AUTO_INCREMENT=47 DEFAULT CHARSET=latin1;
/*!40101 SET character_set_client = @saved_cs_client */;

--
-- Dumping data for table `sepa_countries`
--

LOCK TABLES `sepa_countries` WRITE;
/*!40000 ALTER TABLE `sepa_countries` DISABLE KEYS */;
INSERT INTO `sepa_countries` VALUES (4,'AN','Andorra',24),(5,'AT','Austria',20),(6,'BE','Belgium',16),(7,'BG','Bulgaria',22),(9,'HR','Croatia',21),(10,'CY','Cyprus',28),(11,'CZ','Czech Republic',24),(12,'DK','Denmark',18),(13,'EE','Estonia',20),(14,'FI','Finland',18),(15,'FR','France',27),(17,'DE','Germany',22),(18,'GI','Gibraltar',23),(19,'GR','Greece',27),(21,'HU','Hungary',28),(22,'IS','Iceland',26),(23,'IE','Ireland',22),(24,'IT','Italy',27),(25,'LV','Latvia',21),(26,'LI','Liechtenstein',21),(27,'LT','Lithuania',20),(28,'LU','Luxembourg',20),(29,'MT','Malta',31),(32,'MC','Monaco',27),(33,'NL','Netherlands',18),(34,'NO','Norway',15),(35,'PL','Poland',28),(36,'PT','Portugal',25),(38,'RO','Romania',24),(40,'MF','Saint Marino',27),(42,'SK','Slovakia',24),(43,'SI','Slovenia',19),(44,'ES','Spain',24),(45,'SE','Sweden',24),(46,'CH','Switzerland',21);
/*!40000 ALTER TABLE `sepa_countries` ENABLE KEYS */;
UNLOCK TABLES;

--
-- Table structure for table `system_variable`
--

DROP TABLE IF EXISTS `system_variable`;
/*!40101 SET @saved_cs_client     = @@character_set_client */;
/*!40101 SET character_set_client = utf8 */;
CREATE TABLE `system_variable` (
  `id` int(10) unsigned NOT NULL AUTO_INCREMENT,
  `key` varchar(250) COLLATE utf8_unicode_ci NOT NULL,
  `value` varchar(250) COLLATE utf8_unicode_ci NOT NULL,
  PRIMARY KEY (`id`)
) ENGINE=InnoDB AUTO_INCREMENT=10 DEFAULT CHARSET=utf8 COLLATE=utf8_unicode_ci;
/*!40101 SET character_set_client = @saved_cs_client */;

--
-- Dumping data for table `system_variable`
--

LOCK TABLES `system_variable` WRITE;
/*!40000 ALTER TABLE `system_variable` DISABLE KEYS */;
INSERT INTO `system_variable` VALUES (1,'master_password','$2y$10$sJxfnTsPhXDCw36DEwiVTeoY//dz3jWGg8Htf6fjTxtBJ3D/vDqZ.'),(2,'website_name','ITCPay'),(3,'call_us_enabled','1'),(4,'website_logo','logo1487925221.png'),(5,'website_favicon','favicon1487922262.png'),(6,'support_ticket_enabled','1'),(7,'support_email','support@itcpay.com'),(8,'support_phone','4536778543'),(9,'verification_function','1');
/*!40000 ALTER TABLE `system_variable` ENABLE KEYS */;
UNLOCK TABLES;

--
-- Table structure for table `transactions`
--

DROP TABLE IF EXISTS `transactions`;
/*!40101 SET @saved_cs_client     = @@character_set_client */;
/*!40101 SET character_set_client = utf8 */;
CREATE TABLE `transactions` (
  `id` int(11) NOT NULL AUTO_INCREMENT,
  `transaction_id` varchar(20) NOT NULL,
  `user_id` int(11) NOT NULL DEFAULT '0',
  `type` int(11) DEFAULT NULL COMMENT '1:personal,2:goods',
  `ptype` int(11) DEFAULT NULL COMMENT '1:send,2:receive,3 withdraw',
  `name` varchar(1000) DEFAULT NULL,
  `message` text,
  `status` varchar(45) DEFAULT NULL,
  `gross` decimal(15,2) DEFAULT NULL,
  `fee` decimal(15,2) DEFAULT NULL,
  `netamount` decimal(15,2) DEFAULT NULL,
  `balance` decimal(15,2) DEFAULT NULL,
  `currency` varchar(45) DEFAULT NULL,
  `from` varchar(500) DEFAULT NULL,
  `to` varchar(500) DEFAULT NULL,
  `withdraw_to` int(11) DEFAULT NULL COMMENT '1:account,2:card',
  `withdraw_id` int(11) DEFAULT NULL COMMENT 'account or card id',
  `created_at` timestamp NULL DEFAULT CURRENT_TIMESTAMP,
  PRIMARY KEY (`id`,`user_id`),
  KEY `transactions_userid_fk_idx` (`user_id`),
  CONSTRAINT `transactions_userid_fk` FOREIGN KEY (`user_id`) REFERENCES `users` (`id`) ON DELETE CASCADE ON UPDATE CASCADE
) ENGINE=InnoDB AUTO_INCREMENT=197 DEFAULT CHARSET=latin1;
/*!40101 SET character_set_client = @saved_cs_client */;

--
-- Dumping data for table `transactions`
--

LOCK TABLES `transactions` WRITE;
/*!40000 ALTER TABLE `transactions` DISABLE KEYS */;
INSERT INTO `transactions` VALUES (73,'GE6OIHPVMLB05RIJOKZ3',99,2,2,'Adecco','B2CMarketingTech plans expenses','Completed',250.00,7.50,242.50,242.50,NULL,'payments@jobs.adecco.com','ahmedelgilany@yahoo.com',NULL,NULL,'2016-10-09 06:43:14'),(75,'AQCZOPZ5HB4DXHUBK3RS',100,2,2,'Adecco','B2CMarketingTech plans expenses','Completed',250.00,7.50,242.50,242.50,NULL,'payments@jobs.adecco.com','dkokja@gmail.com',NULL,NULL,'2016-10-09 06:47:01'),(77,'YGOGGB89TCEULYVMTISF',102,2,2,'Adecco','B2CMarketingTech plans expenses','Completed',250.00,7.50,242.50,242.50,NULL,'payments@jobs.adecco.com','katevarivoda@gmail.com',NULL,NULL,'2016-10-09 06:48:15'),(79,'6T1ABLHEYAN3CKNN0GM5',103,2,2,'Adecco','B2CMarketingTech plans expenses','Completed',250.00,7.50,242.50,242.50,NULL,'payments@jobs.adecco.com','maxime.lisoir@gmail.com',NULL,NULL,'2016-10-09 06:49:28'),(81,'0CHCSU7TWS6WPNAXD8XF',105,2,2,'Adecco','B2CMarketingTech plans expenses + initial payment','Completed',375.00,11.25,363.75,363.75,NULL,'payments@jobs.adecco.com','albertomasininl@gmail.com',NULL,NULL,'2016-10-09 06:51:20'),(83,'H891TC1JVSAZ6I1GNGFA',104,2,2,'Adecco','B2CMarketingTech plans expenses','Completed',250.00,7.50,242.50,242.50,NULL,'payments@jobs.adecco.com','laurama1023@gmail.com',NULL,NULL,'2016-10-09 06:52:13'),(85,'R9PZEMT9PED3PHMVSP4B',106,2,2,'Adecco','B2CMarketingTech plans expenses','Completed',250.00,7.50,242.50,242.50,NULL,'payments@jobs.adecco.com','rebegarciaa@gmail.com',NULL,NULL,'2016-10-09 06:53:08'),(87,'I0BAOQZWYEJ4C8HJQMWD',101,2,2,'Adecco','B2CMarketingTech plans expenses','Completed',250.00,7.50,242.50,242.50,NULL,'payments@jobs.adecco.com','prostokate16ru1@rambler.ru',NULL,NULL,'2016-10-09 06:57:28'),(89,'PZYZNUWWW6YGL6T6KDB9',107,2,2,'Adecco','B2CMarketingTech plans expenses','Completed',250.00,7.50,242.50,242.50,NULL,'payments@jobs.adecco.com','ad.stefarta@gmail.com',NULL,NULL,'2016-10-09 06:59:37'),(91,'VNWKALTEP9J8OVT6YEC5',109,2,2,'Adecco','B2CMarketingTech plans expenses','Completed',250.00,7.50,242.50,242.50,NULL,'payments@jobs.adecco.com','gillian_bulbeck@hotmail.com',NULL,NULL,'2016-10-09 07:00:52'),(92,'XVOFHEAKXBVJHYBNSSXZ',105,0,3,'{\"bankName\":\"Unicredit\",\"accountNumber\":\"IT90B020082410600010\"}',NULL,'Under Processing',363.75,0.00,363.75,363.75,NULL,NULL,NULL,1,87,'2016-10-09 09:02:01'),(93,'NGCIHM5YIACAKFT3P0D1',99,0,3,'{\"bankName\":\"NATIONAL BANK OF EGYPT\",\"accountNumber\":\"36201513880\"}',NULL,'Under Processing',235.00,4.50,239.50,242.50,NULL,NULL,NULL,1,81,'2016-10-09 09:36:17'),(94,'OOEOZLSZJORIQBZQ3ODH',107,2,1,'Adecco','','Completed',242.50,4.85,247.35,-4.85,NULL,'ad.stefarta@gmail.com','payments@jobs.adecco.com',NULL,NULL,'2016-10-09 10:08:06'),(97,'RGSFF50QGKNEDTRAFVEJ',112,2,2,'Adecco','B2CMarketingTech plans expenses','Completed',250.00,7.50,242.50,242.50,NULL,'payments@jobs.adecco.com','narminaaliyeva9@gmail.com',NULL,NULL,'2016-10-09 10:09:04'),(98,'PXTTXEPZUF6UQGE9RRYQ',100,0,3,'{\"bankName\":null,\"accountNumber\":\"20382748183000357181\"}',NULL,'Under Processing',238.00,4.50,242.50,242.50,NULL,NULL,NULL,1,86,'2016-10-09 11:10:38'),(100,'RLZOMKDSH3XYK2Y0IZJP',113,2,2,'Adecco','B2CMarketingTech plans expenses','Completed',250.00,7.50,242.50,242.50,NULL,'payments@jobs.adecco.com','popocdc@gmail.com',NULL,NULL,'2016-10-09 14:25:18'),(102,'AIDC0SBNZ52E6W4SAIW1',115,2,2,'Adecco','B2CMarketingTech plans expenses','Completed',220.00,6.60,213.40,213.40,NULL,'payments@jobs.adecco.com','icadars@gmail.com',NULL,NULL,'2016-10-09 18:18:36'),(104,'WWVTCAHWI3Q2PGCIKEDS',114,2,2,'Adecco','B2CMarketingTech plans expenses','Completed',220.00,6.60,213.40,213.40,NULL,'payments@jobs.adecco.com','bhhgmbh@gmail.com',NULL,NULL,'2016-10-09 18:20:06'),(106,'8TTWI7DCGOQIY44NODVL',117,2,2,'Adecco','B2CMarketingTech plans expenses','Completed',220.00,6.60,213.40,213.40,NULL,'payments@jobs.adecco.com','pcvasconcellos22@gmail.com',NULL,NULL,'2016-10-09 18:35:16'),(107,'OMMMNKC9VIAR1OFE6GCT',112,0,3,'{\"bankName\":\"ATABANK\",\"accountNumber\":\"AZ86ATAZ012001525910\"}',NULL,'Under Processing',238.00,4.50,242.50,242.50,NULL,NULL,NULL,1,89,'2016-10-09 18:49:55'),(108,'M4XOECPIBE3EVMDSGOG2',102,0,3,'{\"bankName\":\"BELARUSBANK, Correspondent bank: CITIBANK N.A., NEW YORK SWIFT: CITIUS33\",\"accountNumber\":\"36316365\"}',NULL,'Under Processing',230.00,4.50,234.50,242.50,NULL,NULL,NULL,1,91,'2016-10-10 07:44:49'),(109,'FGKYYSM2BDMUMFEAZV7B',117,2,1,'Adecco','Returning money for purchase that wasn\'t completed.','Completed',209.20,4.18,213.38,0.02,NULL,'pcvasconcellos22@gmail.com','payments@jobs.adecco.com',NULL,NULL,'2016-10-10 16:24:21'),(112,'M8PIHXPJY7ZGKNGHMKOZ',108,2,2,'Adecco','B2CMarketingTech plans expenses','Completed',220.00,6.60,213.40,213.40,NULL,'payments@jobs.adecco.com','edgkhachatryan@mail.ru',NULL,NULL,'2016-10-10 23:40:41'),(114,'HX8857NCROFJ1GJFDZV9',111,2,2,'Adecco','B2CMarketingTech plans expenses','Completed',220.00,6.60,213.40,213.40,NULL,'payments@jobs.adecco.com','silvermint999@gmail.com',NULL,NULL,'2016-10-10 23:42:10'),(116,'OHE9INR2JCQFIGZHGYEI',118,2,2,'Adecco','B2CMarketingTech plans expenses','Completed',220.00,6.60,213.40,213.40,NULL,'payments@jobs.adecco.com','martinatriaca@gmail.com',NULL,NULL,'2016-10-10 23:43:29'),(118,'K6EELCYDWPAUNAI5ZGN0',119,2,2,'Adecco','B2CMarketingTech plans expenses','Completed',220.00,6.60,213.40,213.40,NULL,'payments@jobs.adecco.com','iaia.castelli@gmail.com',NULL,NULL,'2016-10-10 23:44:38'),(120,'JXDWX58INKCTJJFWA1K1',120,2,2,'Adecco','B2CMarketingTech plans expenses','Completed',220.00,6.60,213.40,213.40,NULL,'payments@jobs.adecco.com','maria.vaiman@gmail.com',NULL,NULL,'2016-10-10 23:45:56'),(121,'PQWPDMK1GGHO4PAYFHHK',111,0,3,'{\"bankName\":null,\"accountNumber\":\"ES400081055296000164\"}',NULL,'Under Processing',208.00,4.50,212.50,213.40,NULL,NULL,NULL,1,88,'2016-10-11 06:10:20'),(122,'IHSUUPM9TZANSVTPZVXT',118,0,3,'{\"bankName\":\"Intesa SanPaolo\",\"accountNumber\":\"IT98V030692300410000\"}',NULL,'Under Processing',200.00,0.00,200.00,213.40,NULL,NULL,NULL,1,99,'2016-10-11 11:58:43'),(124,'SUKBTQCHIAKS9NPKQVKH',123,2,2,'Adecco','B2CMarketingTech plans expenses','Completed',220.00,6.60,213.40,213.40,NULL,'payments@jobs.adecco.com','chiara.petrucci17@gmail.com',NULL,NULL,'2016-10-11 12:10:01'),(125,'QWY1FIJDWBYWNQBHBGQW',106,0,3,'{\"bankName\":null,\"accountNumber\":\"01824051710201720091\"}',NULL,'Under Processing',238.00,4.50,242.50,242.50,NULL,NULL,NULL,1,100,'2016-10-11 14:55:31'),(126,'PDNTX9IMBH8X49SZZE1J',123,0,3,'{\"bankName\":\"Deutsch Bank\",\"accountNumber\":\"IT82Y031041390000000\"}',NULL,'Under Processing',213.40,0.00,213.40,213.40,NULL,NULL,NULL,1,101,'2016-10-11 17:12:49'),(128,'HPVKDF8ASAJDASPKOTD3',121,2,2,'Adecco','B2CMarketingTech plans expenses','Completed',220.00,6.60,213.40,213.40,NULL,'payments@jobs.adecco.com','tony.bobo@hotmail.fr',NULL,NULL,'2016-10-12 12:43:21'),(130,'LHETF3A3AZAPQZUIGZYK',121,2,2,'Adecco','B2CMarketingTech plans expenses','Completed',220.00,6.60,213.40,426.80,NULL,'payments@jobs.adecco.com','tony.bobo@hotmail.fr',NULL,NULL,'2016-10-12 12:43:31'),(131,'2FTOIJD5ZTPIGH2XQHN0',104,0,3,'{\"bankName\":null,\"accountNumber\":\"21001718750100363547\"}',NULL,'Under Processing',238.00,4.50,242.50,242.50,NULL,NULL,NULL,1,102,'2016-10-12 22:40:16'),(132,'HWXWDWULUNYJ3D8XDZQ2',121,0,3,'{\"bankName\":\"Credit Lyonnais\",\"accountNumber\":\"FR273000206951000000\"}',NULL,'Under Processing',213.00,0.00,213.00,426.80,NULL,NULL,NULL,1,97,'2016-10-13 00:20:42'),(133,'ZTUTER1EHTU6GOIEHSBX',113,1,1,'Adecco','Money refunding for unaccepted translation job.','Completed',237.74,4.75,242.49,0.01,NULL,'popocdc@gmail.com','payments@jobs.adecco.com',NULL,NULL,'2016-10-13 08:13:30'),(136,'9R0CYH8LI8KHZ3YCREUL',125,2,2,'Adecco','B2CMarketingTech plans expenses','Completed',210.00,6.30,203.70,203.70,NULL,'payments@jobs.adecco.com','martacasalsjo@yahoo.es',NULL,NULL,'2016-10-13 16:11:09'),(137,'VO4K45CYP3PLROCYOA5B',125,0,3,'{\"bankName\":\"Fio banka\",\"accountNumber\":\"CZ402010000000220040\"}',NULL,'Under Processing',203.70,0.00,203.70,203.70,NULL,NULL,NULL,1,103,'2016-10-13 16:46:25'),(139,'TLJOJPR8ONQGCW4PKCIU',126,2,2,'Adecco','B2CMarketingTech plans expenses','Completed',220.00,6.60,213.40,213.40,NULL,'payments@jobs.adecco.com','Mrazanabololona@gmail.com',NULL,NULL,'2016-10-14 15:59:21'),(141,'U3XIXPADKYQOIRA7GVNA',116,2,2,'Adecco','B2CMarketingTech plans expenses','Completed',220.00,6.60,213.40,213.40,NULL,'payments@jobs.adecco.com','nikola13at@gmail.com',NULL,NULL,'2016-10-21 05:07:38'),(143,'V7SRAGQT7FJHI8BISTTN',114,1,1,'Rebeca García','NO','Completed',30.00,0.60,30.60,182.80,NULL,'bhhgmbh@gmail.com','rebegarciaa@gmail.com',NULL,NULL,'2016-11-18 16:27:11'),(144,'V7SRAGQT7FJHI8BISTTN',106,1,2,'Uladzimir Bialou','NO','Completed',30.00,0.00,30.00,272.50,NULL,'bhhgmbh@gmail.com','rebegarciaa@gmail.com',NULL,NULL,'2016-11-18 16:27:11'),(145,'OVI09DXVOINALIPQOGBW',114,2,1,'Rebeca García','OK','Completed',30.00,0.60,30.60,152.20,NULL,'bhhgmbh@gmail.com','rebegarciaa@gmail.com',NULL,NULL,'2016-11-19 10:52:52'),(146,'OVI09DXVOINALIPQOGBW',106,2,2,'Uladzimir Bialou','OK','Completed',30.00,0.90,29.10,301.60,NULL,'bhhgmbh@gmail.com','rebegarciaa@gmail.com',NULL,NULL,'2016-11-19 10:52:52');
/*!40000 ALTER TABLE `transactions` ENABLE KEYS */;
UNLOCK TABLES;

--
-- Table structure for table `transactionstests`
--

DROP TABLE IF EXISTS `transactionstests`;
/*!40101 SET @saved_cs_client     = @@character_set_client */;
/*!40101 SET character_set_client = utf8 */;
CREATE TABLE `transactionstests` (
  `id` int(11) NOT NULL AUTO_INCREMENT,
  `user_id` int(11) NOT NULL DEFAULT '0',
  `type` varchar(100) DEFAULT NULL COMMENT '1:personal,2:goods',
  `ptype` varchar(1000) DEFAULT NULL COMMENT '1:send,2:receive,3 withdraw',
  `name` varchar(1000) DEFAULT NULL,
  `status` varchar(45) DEFAULT NULL,
  `gross` decimal(15,2) DEFAULT NULL,
  `fee` decimal(15,2) DEFAULT NULL,
  `netamount` decimal(15,2) DEFAULT NULL,
  `balance` decimal(15,2) DEFAULT NULL,
  `currency` varchar(45) DEFAULT NULL,
  `from` varchar(500) DEFAULT NULL,
  `to` varchar(500) DEFAULT NULL,
  `withdraw_to` int(11) DEFAULT NULL COMMENT '1:account,2:credit',
  `withdrwa_id` int(11) DEFAULT NULL COMMENT 'account or credit id',
  `created_at` timestamp NULL DEFAULT CURRENT_TIMESTAMP,
  PRIMARY KEY (`id`,`user_id`),
  KEY `transactions_userid_fk_idx` (`user_id`),
  CONSTRAINT `transactionstests_ibfk_1` FOREIGN KEY (`user_id`) REFERENCES `users` (`id`) ON DELETE CASCADE
) ENGINE=InnoDB DEFAULT CHARSET=latin1;
/*!40101 SET character_set_client = @saved_cs_client */;

--
-- Dumping data for table `transactionstests`
--

LOCK TABLES `transactionstests` WRITE;
/*!40000 ALTER TABLE `transactionstests` DISABLE KEYS */;
/*!40000 ALTER TABLE `transactionstests` ENABLE KEYS */;
UNLOCK TABLES;

--
-- Table structure for table `user_identity_verification_details`
--

DROP TABLE IF EXISTS `user_identity_verification_details`;
/*!40101 SET @saved_cs_client     = @@character_set_client */;
/*!40101 SET character_set_client = utf8 */;
CREATE TABLE `user_identity_verification_details` (
  `id` int(10) unsigned NOT NULL AUTO_INCREMENT,
  `account_id` int(11) NOT NULL,
  `user_id` int(11) NOT NULL,
  `ssn` varchar(255) COLLATE utf8_unicode_ci NOT NULL,
  `drivers_license_number` varchar(255) COLLATE utf8_unicode_ci NOT NULL,
  `created_at` timestamp NULL DEFAULT NULL,
  `updated_at` timestamp NULL DEFAULT NULL,
  PRIMARY KEY (`id`),
  KEY `user_identity_verification_details_user_id_foreign` (`user_id`),
  CONSTRAINT `user_identity_verification_details_user_id_foreign` FOREIGN KEY (`user_id`) REFERENCES `users` (`id`) ON DELETE CASCADE
) ENGINE=InnoDB AUTO_INCREMENT=15 DEFAULT CHARSET=utf8 COLLATE=utf8_unicode_ci;
/*!40101 SET character_set_client = @saved_cs_client */;

--
-- Dumping data for table `user_identity_verification_details`
--

LOCK TABLES `user_identity_verification_details` WRITE;
/*!40000 ALTER TABLE `user_identity_verification_details` DISABLE KEYS */;
/*!40000 ALTER TABLE `user_identity_verification_details` ENABLE KEYS */;
UNLOCK TABLES;

--
-- Table structure for table `users`
--

DROP TABLE IF EXISTS `users`;
/*!40101 SET @saved_cs_client     = @@character_set_client */;
/*!40101 SET character_set_client = utf8 */;
CREATE TABLE `users` (
  `id` int(11) NOT NULL AUTO_INCREMENT,
  `email` varchar(500) DEFAULT NULL,
  `password` varchar(200) DEFAULT NULL,
  `remember_token` varchar(200) DEFAULT NULL,
  `updated_at` datetime DEFAULT NULL,
  `created_at` datetime DEFAULT NULL,
  `type` varchar(45) DEFAULT NULL,
  `deleted_at` datetime DEFAULT NULL,
  `confirmation_code` varchar(200) DEFAULT NULL,
  `active` varchar(45) DEFAULT NULL,
  `verify` int(11) NOT NULL,
  `account_type` varchar(255) DEFAULT NULL,
  `tmp_password` varchar(1000) DEFAULT NULL,
  `callus_reference` int(11) NOT NULL,
  `callus_reference_create_time` datetime DEFAULT NULL,
  `tmp_email` varchar(100) DEFAULT NULL,
  `authorization_password` varchar(50) NOT NULL,
  PRIMARY KEY (`id`),
  UNIQUE KEY `email_UNIQUE` (`email`)
) ENGINE=InnoDB AUTO_INCREMENT=187 DEFAULT CHARSET=latin1;
/*!40101 SET character_set_client = @saved_cs_client */;

--
-- Dumping data for table `users`
--

LOCK TABLES `users` WRITE;
/*!40000 ALTER TABLE `users` DISABLE KEYS */;
INSERT INTO `users` VALUES (51,'stoluch46@yandex.com','$2y$10$uTCSRf.V1P0xV5BlmFUk.ewH1qM264Ox03SEwWejml1cJ32MS7KDu','7LN8bMaP68sGDgaRYMQW9tYSfn5qGrNN8UakUjjTcB0EyDC8rpqJU0ayZXEK','2017-03-20 14:38:21','2016-09-09 03:54:00','1',NULL,'','1',0,NULL,'',0,NULL,'','C3GG6OTUTGAAVGFYS8JO'),(99,'ahmedelgilany@yahoo.com','$2y$10$ZYXcvjRA7DRRL8SAlnPcVOYEHhWC9GHyXEnR2ThUJi90bkkb6q.8K','Kt5RXJxC18TmHqcSMQekeFrilRxO2dogoOMRSQt8Ht6KsbdE1rgqDhi7ChdQ','2017-02-16 21:09:20','2016-10-08 11:01:45','0',NULL,'goud6LOH6JemJ6J8rUtCKSt1GKPbux','1',0,'personal',NULL,360514,'2016-10-16 14:55:45',NULL,'C3GG6OTUTGAAVGFYS8JO'),(100,'dkokja@gmail.com','$2y$10$9NeEVZEZfdreH3.VF0k51e5J/0rqOeQBZWA4SFMMXb/G.6gj47g7G','syVlMjts8yW1U1C0QUKIJehVKjCIcc3nAbafuedyEAqhlEMunZG0SbUr5mSw','2017-02-16 21:09:20','2016-10-08 12:38:29','0',NULL,'PG0o7BLYoc5LAIutEdDwHpjYXFvy4S','1',1,'personal',NULL,0,NULL,NULL,'C3GG6OTUTGAAVGFYS8JO'),(101,'prostokate16ru1@rambler.ru','$2y$10$06A6miGHDLjPHBtWutJp7u1lfqN.yT5oLs8j/1YgIbf3qSc9Mr3Ny','2b5WHVtpb9lvK91zOoBAcI3gCBqP0o83DBuvY2x6tJjKrpiVyj189oZxBS6h','2017-02-16 21:09:20','2016-10-08 13:03:45','0',NULL,'L1WssxXG9oSVOBgORVTwEx3vBPhyoB','1',0,'personal',NULL,0,NULL,NULL,'C3GG6OTUTGAAVGFYS8JO'),(102,'katevarivoda@gmail.com','$2y$10$HEh2cRYQPBzTVYFX.HnCM.aoUB8e76pL0elQ3zFm8LtBSZD6brhxu','b1Me77LOxuBJj7dzx77FSSdurLII7Pn9knvCLoPMCYpwenZ8OAJQbVDClATz','2017-02-16 21:09:21','2016-10-08 13:30:59','0',NULL,'KH7mtU1elNJO94wvgVZQVEWy217gy7','1',0,'personal',NULL,0,NULL,NULL,'C3GG6OTUTGAAVGFYS8JO'),(103,'maxime.lisoir@gmail.com','$2y$10$Waa5hpBRTDNkdHWn4UwiFOF86myY2ya5OZaeMA/12tpL49LzK1kpu','RzAqbFfb9gCFdJg1OSs0iIeHwATQ14XBKz2qbf1TEvGZB0YsXwA1FcOCYaEn','2017-02-16 21:09:21','2016-10-08 14:20:25','0',NULL,'X1WFB1IW9waf5FtQQFczl6GrNeHOsN','1',0,'personal',NULL,0,NULL,NULL,'C3GG6OTUTGAAVGFYS8JO'),(104,'laurama1023@gmail.com','$2y$10$j3yWHKIkFyjAwt7piE1dSOsZTov7Nwj4PsnYM649fVowmY3hGeAc2','NYohjRWHSlOYGDOS2rQQCD655v4UrUrmlysLPK22nFCmYte4rz47ACNofO79','2017-02-16 21:09:21','2016-10-08 16:18:48','0',NULL,'jReB094JWXWmYjE8q8egvyghdNt0IO','1',0,'personal',NULL,0,NULL,NULL,'C3GG6OTUTGAAVGFYS8JO'),(105,'albertomasininl@gmail.com','$2y$10$IK9cdshpzugqv7x37cRtqu/BRicB6Mnfy0WQLd4pGSzrTM9Rm0muS','Sj3o1E4od1SboiDQRAn0F8h9pZSd7DqfBIvn7dL1uZ7vzjk8sYtG8QALmHz7','2017-02-16 21:09:21','2016-10-08 16:22:41','0',NULL,'VLHRC4E7SETTCsP9WE4UPx3nKFwYNq','1',0,'personal',NULL,161293,'2016-10-09 10:57:51',NULL,'C3GG6OTUTGAAVGFYS8JO'),(106,'rebegarciaa@gmail.com','$2y$10$acIN8.asSal2CYV.r89oXu7QCtgjAMD0FXacqAvo9ZVS09JP50J7O','dteyKYKrio4U9hZMEWNUXAeRDGi5C6004Mi5X5USatpQTnpO8OaTl0UCDa1u','2017-02-16 21:09:21','2016-10-08 17:35:24','0',NULL,'qnWyMAXGs7EAvnbLitnVCjskyv2PN2','1',0,'personal',NULL,0,NULL,NULL,'C3GG6OTUTGAAVGFYS8JO'),(107,'ad.stefarta@gmail.com','$2y$10$JSV62ktX2FDeMMubxS.iVuOiCezX2RgcD8ZRb4TNRhJsJkeyidRcS','W2pSFWi1FJiZhJ9u6Ilt3LURcothQfO6FMBoEAR1vBZiMwCO0aSEszi5dLFk','2017-02-16 21:09:21','2016-10-08 18:25:10','0',NULL,'4y7RoBfbNllcmnUIIhLs04KU87PGIu','1',0,'personal',NULL,0,NULL,NULL,'C3GG6OTUTGAAVGFYS8JO'),(108,'edgkhachatryan@mail.ru','$2y$10$tlt322.CExrAbqWsP.d6POS4/wmOhr1PelWdxdwCIP9kY7.2nJPSW','6FTOmxliPnWZrlrRprQYkUhATC8RRpP7xkVYa787l5JkDmHIdhAIFqvuUaC2','2017-02-16 21:09:21','2016-10-08 20:47:26','0',NULL,'2PhBDOqPazEijNE1uGUS7EzDnlKwIs','1',1,'personal',NULL,842094,'2016-10-15 06:26:48',NULL,'C3GG6OTUTGAAVGFYS8JO'),(109,'gillian_bulbeck@hotmail.com','$2y$10$s8b2a6nKsUTjV6KDbVhPte7FSl6ndDZ.Vg8dVhass3rQGVnImYXYi','cjmOytipFunFHw0CKbXrKwOgQh26kCOlfvXmFb00p4qMlxJZ10H5txPj92vP','2017-02-16 21:09:21','2016-10-08 22:01:19','0',NULL,'wfmO2JPtVJu3h3j4zL9hiEXMXSzCum','1',1,'personal','',721915,'2016-10-10 20:24:09','','C3GG6OTUTGAAVGFYS8JO'),(111,'silvermint999@gmail.com','$2y$10$DXIjbXIsqmdFo4pwdo177OwvCO0Gd1JKtXQ8VINWPYql.yPj1a1O2','vyPeQKYnabZALpfg5FvWys43l1JjmpSPvgAep7BFob99dXnP9G8441flimom','2017-02-16 21:09:21','2016-10-09 08:09:43','0',NULL,'h7uuRFSs7jQcCEAR6ekSf996gCAzM8','1',1,'personal',NULL,673209,'2016-10-18 13:39:00',NULL,'C3GG6OTUTGAAVGFYS8JO'),(112,'narminaaliyeva9@gmail.com','$2y$10$ydAsUE6sMvPV4go5yfndjevxOf8Q.2yiFaKrS.NxMQU/GAaMupvMi','nkhjqNoAdzlnoAbWJzUcsei7vhqjZhzywr9pztFTQtLukg5QteRTlbWD9A68','2017-02-16 21:09:21','2016-10-09 08:37:32','0',NULL,'GkQwvYRZYR3PRgHeF3PKbGrJtfHdSd','1',0,'personal',NULL,0,NULL,NULL,'C3GG6OTUTGAAVGFYS8JO'),(113,'popocdc@gmail.com','$2y$10$urhpBv7PT1kYo1I9joWadu6NzxjWoS3m82UQsUnVxEKtUqTwQdpPq','ZWfMjHWTRGnPeOoa1ShQcm79NxxnN4OYqb1lHgyvQYsm644Llnd4MTrALZdc','2017-02-16 21:09:21','2016-10-09 12:46:01','0',NULL,'EnlZCY3FPRHeo2mpsAsju5qeIF7vFo','1',0,'personal',NULL,150056,'2016-10-13 08:15:11',NULL,'C3GG6OTUTGAAVGFYS8JO'),(114,'bhhgmbh@gmail.com','$2y$10$aybsTOMbaDz918bis0Ill.Zwdg9cMZcAuz63juSTPmCMJ3VikL6Yu','FtzEFzo9Jvl9PjUtkgHEtfsHELItuoCYGyqbupOfaB8X4VmdYncM7Esy9WYy','2017-02-16 21:09:21','2016-10-09 15:25:04','0',NULL,'FyLjwG7BWRcBTCFiU69YeTvGl9UdHO','1',0,'personal',NULL,0,NULL,NULL,'C3GG6OTUTGAAVGFYS8JO'),(115,'icadars@gmail.com','$2y$10$m2u5WG44w7B2RFWFo9xtWujo6TGt5ujBpaA30RV1vhgP0vyF4p5uy','7alEAZ1M4HKWwW4uKRDLJKwbkR7UVm5cg4Nz5AfY0tyqK7ETTyXFfR2qrObu','2017-02-16 21:09:21','2016-10-09 16:02:23','0',NULL,'rIewz2TPtCNpIZkjta0dA2pNZCy18F','1',0,'personal',NULL,0,NULL,NULL,'C3GG6OTUTGAAVGFYS8JO'),(116,'nikola13at@gmail.com','$2y$10$EHEmE10IxdZPvvE/7PhPFe7vm1fu4WDzCcK60OJng3sCF7jsZ1rNK','oXHjPrIbmfiwhBDNGc5lPaV9jdQnoIJyjZJWVMUK7bz1r82qAQC4qOxUJ3RB','2017-02-16 21:09:21','2016-10-09 17:08:51','0',NULL,'j3KQ4qvuXcO46oavTYpRg24J4oZpgu','1',0,'personal',NULL,0,NULL,NULL,'C3GG6OTUTGAAVGFYS8JO'),(117,'pcvasconcellos22@gmail.com','$2y$10$1/h.yntk6OBj0.FQv978Sehxckw8ik8aOpywTwGQHuWJF8.WC07xi','x5zNZ9rHc2jWNbElI18dsYU64oDokzQn44nAXfndQxFh7LZlfsKGsA1S5fvm','2017-02-16 21:09:21','2016-10-09 17:59:31','0',NULL,'yRaPZiwFv5TdJYQeMTPewfrTDtQfss','1',0,'personal',NULL,985983,'2016-10-09 22:19:26',NULL,'C3GG6OTUTGAAVGFYS8JO'),(118,'martinatriaca@gmail.com','$2y$10$W1.20KACVm0v6wbNmbvdt.wlkyxkIh0a6g7RjtmZZyySJhTmO2Xp2','oAgkGLkcdFzIqcXxVWqq2fO3AmrwGKIoMPJ7u6m5K67wfPAxaOOLI0cgu9cl','2017-02-16 21:09:21','2016-10-10 09:13:54','0',NULL,'evBLxq2VgY2ovPm3OLLPMb39v5I9N8','1',0,'personal',NULL,372815,'2016-10-24 08:59:23',NULL,'C3GG6OTUTGAAVGFYS8JO'),(119,'iaia.castelli@gmail.com','$2y$10$jkZ0JMyYe0yLh.0ZXdkJjOMwcjq8ZJvlxTH6A6nO8lPvCnyWwzxB2','Cq3GoV4QEtZP3Nj1nhw1stgDPAKQm2fRjNRy9Ag3kr73DDkfDWe9cQyKGGlr','2017-02-16 21:09:21','2016-10-10 09:51:04','0',NULL,'iB3e41JolDF4vGt2lzi4wBgPT4id1U','1',1,'personal',NULL,638189,'2016-10-10 10:30:10',NULL,'C3GG6OTUTGAAVGFYS8JO'),(120,'maria.vaiman@gmail.com','$2y$10$giua1ZUiuJDqM4AxGVa0qeek34CtcgRWexw2Yb5lNdioPoeT3WnS2','W6Eqgi2DFlNYJfWfZuC5PDIPtbShVjXmdiUdkdMDLVmIWyG2MWkw29kqRjGr','2017-02-16 21:09:21','2016-10-10 16:56:34','0',NULL,'xWGLDrknMD35rpOWHYWnViXftTqNL1','1',0,'personal',NULL,848061,'2016-10-10 17:02:20',NULL,'C3GG6OTUTGAAVGFYS8JO'),(121,'tony.bobo@hotmail.fr','$2y$10$xysTfNkTvHBx/0zC5R9W8e0EmN0GzP1M9WQDV9Tu8n.ACaKFwB/0y','U1tBL85YZ7vRAD6fbii0aNtehty27441ObJBsSBWUEzbrBnczFrw0ntKR8Wv','2017-02-16 21:09:22','2016-10-10 17:07:14','0',NULL,'La0VQeZJO2C1pMu1PXEPQIB48yodwC','1',0,'personal',NULL,0,NULL,NULL,'C3GG6OTUTGAAVGFYS8JO'),(123,'chiara.petrucci17@gmail.com','$2y$10$dIFVs7QNKb4UAAN6NYM/KeQjSWALa40CnXzapjHXedbgXrtdEMlma','5KtRKhqPjV7CmDZkJA9VW7DJnx9MiF96A9Pb9Ak8yf4dsLTidUYkg8rni4AT','2017-02-16 21:09:22','2016-10-11 08:29:17','0',NULL,'e4CDSl7AW5x2WeQ7tgJRdriP3hc5vZ','1',0,'personal',NULL,0,NULL,NULL,'C3GG6OTUTGAAVGFYS8JO'),(124,'polin9595@icloud.com','$2y$10$/2p4CY6JGHr5UOwSDZGkyeStVD.D22E4cBjBW6le2cVXO49CEr6km','SHIuqc6Cn243E7TZA7Uw1tL4768eCaiBfHGS3NxRP0ShsgI3nTnhJgHbMji2','2017-02-16 21:09:22','2016-10-12 13:32:51','0',NULL,'bLR0QL6YgqPeuDeMwZ9NsqXQasMUD3','1',0,'personal',NULL,0,NULL,NULL,'C3GG6OTUTGAAVGFYS8JO'),(125,'martacasalsjo@yahoo.es','$2y$10$PtbLBgBPGEJm96jTbneH/.1CCMaPOXZrxfj7OLOHV.WzIVZkdo/EG','lzV64zGT1PagxaREEThvfM1gGx41RO3Dd7YgKzx8U9yXbpNMi13MtGyQmHtE','2017-02-16 21:09:22','2016-10-13 07:14:25','0',NULL,'5WBPTEkhZ0QqgjJx8by4zruQSvv9q9','1',0,'personal',NULL,264449,'2016-10-14 08:49:22',NULL,'C3GG6OTUTGAAVGFYS8JO'),(126,'Mrazanabololona@gmail.com','$2y$10$d6PdnAVchHMmUd3tyNEl3O4QpUPyVjdPs8bnBg/oKwXKopyihjz9C','pj31tdLXaJdy0577qkOlaygfN15eieymc7AE4F3o6zPlRbMjKCFcuTQ5K5Vr','2017-02-16 21:09:22','2016-10-13 16:46:18','0',NULL,'nml9W4rgTFjroRnJgmWQ7C4WOwSnSB','1',1,'personal',NULL,0,NULL,NULL,'C3GG6OTUTGAAVGFYS8JO');
/*!40000 ALTER TABLE `users` ENABLE KEYS */;
UNLOCK TABLES;

--
-- Table structure for table `verification_information`
--

DROP TABLE IF EXISTS `verification_information`;
/*!40101 SET @saved_cs_client     = @@character_set_client */;
/*!40101 SET character_set_client = utf8 */;
CREATE TABLE `verification_information` (
  `id` int(10) unsigned NOT NULL AUTO_INCREMENT,
  `user_id` int(11) NOT NULL,
  `type` varchar(250) COLLATE utf8_unicode_ci NOT NULL,
  `id_type` varchar(250) COLLATE utf8_unicode_ci NOT NULL,
  `id_number` varchar(250) COLLATE utf8_unicode_ci NOT NULL,
  `issuing_authority` varchar(250) COLLATE utf8_unicode_ci NOT NULL,
  `expiration_date` date NOT NULL,
  `document_type` varchar(250) COLLATE utf8_unicode_ci NOT NULL,
  `document_utility_type` varchar(250) COLLATE utf8_unicode_ci NOT NULL,
  `document_issue_date` date NOT NULL,
  `company_type` varchar(250) COLLATE utf8_unicode_ci NOT NULL,
  `number_of_employee` varchar(250) COLLATE utf8_unicode_ci NOT NULL,
  `company_registration_no` varchar(250) COLLATE utf8_unicode_ci NOT NULL,
  `registration_date` date NOT NULL,
  `registration_country` varchar(250) COLLATE utf8_unicode_ci NOT NULL,
  `tax_id` varchar(250) COLLATE utf8_unicode_ci NOT NULL,
  `license_no` varchar(250) COLLATE utf8_unicode_ci NOT NULL,
  `company_address_proof_issue_date` date NOT NULL,
  `is_saved` tinyint(4) NOT NULL,
  `is_rejected` tinyint(4) NOT NULL DEFAULT '0',
  `created_at` timestamp NULL DEFAULT NULL,
  `updated_at` timestamp NULL DEFAULT NULL,
  PRIMARY KEY (`id`),
  KEY `verification_information_user_id_foreign` (`user_id`),
  CONSTRAINT `verification_information_user_id_foreign` FOREIGN KEY (`user_id`) REFERENCES `users` (`id`) ON DELETE CASCADE
) ENGINE=InnoDB AUTO_INCREMENT=75 DEFAULT CHARSET=utf8 COLLATE=utf8_unicode_ci;
/*!40101 SET character_set_client = @saved_cs_client */;

--
-- Dumping data for table `verification_information`
--

LOCK TABLES `verification_information` WRITE;
/*!40000 ALTER TABLE `verification_information` DISABLE KEYS */;
INSERT INTO `verification_information` VALUES (9,100,'personal','National id','51144800','Spain','2016-10-25','bankstatement','','2016-10-09','','','','0000-00-00','','','','0000-00-00',0,0,'2016-10-09 06:50:36','2016-10-09 06:50:36'),(10,111,'personal','National id','ARE921799','PREZYDENT M.ST. WARSZAWY','2018-08-27','utilitybill','Phone bill','2016-10-01','','','','0000-00-00','','','','0000-00-00',0,0,'2016-10-09 06:04:38','2016-10-09 06:04:38'),(11,121,'personal','passport','09AR57788','prefecture de la seine et marne','2019-04-20','bankstatement','','2016-10-04','','','','0000-00-00','','','','0000-00-00',1,0,'2016-10-11 12:35:45','2016-10-11 12:35:45'),(12,99,'personal','National id','27802162101979','Arab Republic of Egypt','2020-12-03','bankstatement','','2016-10-12','','','','0000-00-00','','','','0000-00-00',1,0,'2016-10-17 07:47:05','2016-10-17 07:47:05'),(13,125,'personal','National id','78151793-R','Spain','2021-10-20','bankstatement','','2015-10-10','','','','0000-00-00','','','','0000-00-00',1,0,'2016-10-13 05:30:49','2016-10-13 05:30:49'),(14,103,'personal','passport','0879653789','gov','2033-11-12','utilitybill','gas','2016-08-13','','','','0000-00-00','','','','0000-00-00',0,0,'2016-11-17 02:15:47','2016-11-17 02:15:47');
/*!40000 ALTER TABLE `verification_information` ENABLE KEYS */;
UNLOCK TABLES;

--
-- Table structure for table `verification_information_documents`
--

DROP TABLE IF EXISTS `verification_information_documents`;
/*!40101 SET @saved_cs_client     = @@character_set_client */;
/*!40101 SET character_set_client = utf8 */;
CREATE TABLE `verification_information_documents` (
  `id` int(10) unsigned NOT NULL AUTO_INCREMENT,
  `verification_id` int(10) unsigned NOT NULL,
  `photo_id_storage_name` varchar(250) COLLATE utf8_unicode_ci NOT NULL,
  `photo_id_original_name` varchar(250) COLLATE utf8_unicode_ci NOT NULL,
  `photo_id_size` int(11) NOT NULL,
  `document_id_storage_name` varchar(250) COLLATE utf8_unicode_ci NOT NULL,
  `document_id_original_name` varchar(250) COLLATE utf8_unicode_ci NOT NULL,
  `document_id_size` int(11) NOT NULL,
  `company_registration_document_storage_name` varchar(250) COLLATE utf8_unicode_ci NOT NULL,
  `company_registration_document_original_name` varchar(250) COLLATE utf8_unicode_ci NOT NULL,
  `company_registration_document_size` int(11) NOT NULL,
  `company_address_proof_storage_name` varchar(250) COLLATE utf8_unicode_ci NOT NULL,
  `company_address_proof_original_name` varchar(250) COLLATE utf8_unicode_ci NOT NULL,
  `company_address_proof_size` int(11) NOT NULL,
  `business_details_storage_name` varchar(250) COLLATE utf8_unicode_ci NOT NULL,
  `business_details_original_name` varchar(250) COLLATE utf8_unicode_ci NOT NULL,
  `business_details_proof_size` int(11) NOT NULL,
  `authorization_letter_storage_name` varchar(250) COLLATE utf8_unicode_ci NOT NULL,
  `authorization_letter_original_name` varchar(250) COLLATE utf8_unicode_ci NOT NULL,
  `authorization_letter_proof_size` int(11) NOT NULL,
  `created_at` timestamp NULL DEFAULT NULL,
  `updated_at` timestamp NULL DEFAULT NULL,
  PRIMARY KEY (`id`),
  KEY `verification_information_documents_verification_id_foreign` (`verification_id`),
  CONSTRAINT `verification_information_documents_verification_id_foreign` FOREIGN KEY (`verification_id`) REFERENCES `verification_information` (`id`) ON DELETE CASCADE
) ENGINE=InnoDB AUTO_INCREMENT=65 DEFAULT CHARSET=utf8 COLLATE=utf8_unicode_ci;
/*!40101 SET character_set_client = @saved_cs_client */;

--
-- Dumping data for table `verification_information_documents`
--

LOCK TABLES `verification_information_documents` WRITE;
/*!40000 ALTER TABLE `verification_information_documents` DISABLE KEYS */;
/*!40000 ALTER TABLE `verification_information_documents` ENABLE KEYS */;
UNLOCK TABLES;

--
-- Table structure for table `verificationdoc`
--

DROP TABLE IF EXISTS `verificationdoc`;
/*!40101 SET @saved_cs_client     = @@character_set_client */;
/*!40101 SET character_set_client = utf8 */;
CREATE TABLE `verificationdoc` (
  `id` int(11) NOT NULL AUTO_INCREMENT,
  `user_id` int(11) NOT NULL,
  `type` enum('personal','business') NOT NULL,
  `id_type` varchar(50) NOT NULL,
  `id_num` varchar(50) NOT NULL,
  `photo_id` varchar(100) NOT NULL,
  `photo_size` varchar(255) NOT NULL,
  `document_type` varchar(50) NOT NULL,
  `document` varchar(100) NOT NULL,
  `document_size` varchar(255) NOT NULL,
  `utility_type` varchar(50) NOT NULL,
  `expiration_date` date NOT NULL,
  `issuing_authority` varchar(255) NOT NULL,
  `issuing_date` date NOT NULL,
  `company_type` varchar(255) NOT NULL,
  `employees` int(11) NOT NULL,
  `company_registration_no` varchar(100) NOT NULL,
  `registration_date` varchar(255) NOT NULL,
  `registration_country` varchar(50) NOT NULL,
  `text_id` varchar(255) NOT NULL,
  `license_no` varchar(255) NOT NULL,
  `company_registration_document` varchar(255) NOT NULL,
  `company_registration_document_size` varchar(255) NOT NULL,
  `company_address_proof` varchar(255) NOT NULL,
  `company_address_proof_size` varchar(255) NOT NULL,
  `business_addproof_issue_date` varchar(255) NOT NULL,
  `business_details` varchar(255) NOT NULL,
  `business_details_size` varchar(255) NOT NULL,
  `authorization_letter` varchar(255) NOT NULL,
  `authorization_letter_size` varchar(255) NOT NULL,
  `status` int(11) NOT NULL,
  `personal_form_status` int(11) NOT NULL,
  `business_form_status` int(11) NOT NULL,
  `created` datetime NOT NULL,
  `modified` datetime NOT NULL,
  `originalPhotoIdName` varchar(255) NOT NULL,
  `originalDocumentName` varchar(255) NOT NULL,
  `originalRegistrationDocumentName` varchar(255) NOT NULL,
  `originalcomanyAddressName` varchar(255) NOT NULL,
  `originalBusinessDetailsDocument` varchar(255) NOT NULL,
  `originalAuthorizationletterName` varchar(255) NOT NULL,
  PRIMARY KEY (`id`),
  KEY `id` (`id`),
  KEY `verificationdoc_ibfk_1` (`user_id`),
  CONSTRAINT `verificationdoc_ibfk_1` FOREIGN KEY (`user_id`) REFERENCES `users` (`id`) ON DELETE CASCADE ON UPDATE CASCADE
) ENGINE=InnoDB AUTO_INCREMENT=7 DEFAULT CHARSET=latin1;
/*!40101 SET character_set_client = @saved_cs_client */;

--
-- Dumping data for table `verificationdoc`
--

LOCK TABLES `verificationdoc` WRITE;
/*!40000 ALTER TABLE `verificationdoc` DISABLE KEYS */;
/*!40000 ALTER TABLE `verificationdoc` ENABLE KEYS */;
UNLOCK TABLES;

--
-- Table structure for table `verificationidentity`
--

DROP TABLE IF EXISTS `verificationidentity`;
/*!40101 SET @saved_cs_client     = @@character_set_client */;
/*!40101 SET character_set_client = utf8 */;
CREATE TABLE `verificationidentity` (
  `id` int(11) NOT NULL AUTO_INCREMENT,
  `user_id` int(11) NOT NULL,
  `type` varchar(30) NOT NULL,
  `personal_document` varchar(255) NOT NULL,
  `business_document` varchar(255) NOT NULL,
  PRIMARY KEY (`id`),
  KEY `user_id` (`user_id`),
  CONSTRAINT `verificationidentity_ibfk_1` FOREIGN KEY (`user_id`) REFERENCES `users` (`id`) ON DELETE CASCADE ON UPDATE CASCADE
) ENGINE=InnoDB DEFAULT CHARSET=latin1;
/*!40101 SET character_set_client = @saved_cs_client */;

--
-- Dumping data for table `verificationidentity`
--

LOCK TABLES `verificationidentity` WRITE;
/*!40000 ALTER TABLE `verificationidentity` DISABLE KEYS */;
/*!40000 ALTER TABLE `verificationidentity` ENABLE KEYS */;
UNLOCK TABLES;
/*!40103 SET TIME_ZONE=@OLD_TIME_ZONE */;

/*!40101 SET SQL_MODE=@OLD_SQL_MODE */;
/*!40014 SET FOREIGN_KEY_CHECKS=@OLD_FOREIGN_KEY_CHECKS */;
/*!40014 SET UNIQUE_CHECKS=@OLD_UNIQUE_CHECKS */;
/*!40101 SET CHARACTER_SET_CLIENT=@OLD_CHARACTER_SET_CLIENT */;
/*!40101 SET CHARACTER_SET_RESULTS=@OLD_CHARACTER_SET_RESULTS */;
/*!40101 SET COLLATION_CONNECTION=@OLD_COLLATION_CONNECTION */;
/*!40111 SET SQL_NOTES=@OLD_SQL_NOTES */;

-- Dump completed on 2017-03-22  8:39:08
